265,560,297,432,318,300,393,305,403,443,425,565,350,305,358,170,350,151,340,55,358,340,329,268,297,172,411,159,393,247,371,332,0.7914935350418091,0.6108818054199219,0.6338697075843811,0.5676671266555786,0.6881313920021057,0.6565499305725098,0.6218522191047668,0.7225866913795471,0.7765228748321533,0.8628172874450684,0.6557633876800537,0.6929868459701538,0.688590407371521,0.8316416144371033,0.63006192445755,0.38075149059295654
265,560,289,435,318,300,390,308,403,443,425,571,350,305,353,170,350,151,337,53,353,340,329,268,297,177,411,159,395,244,425,241,0.7928856611251831,0.648443877696991,0.5991777777671814,0.5549047589302063,0.6617783904075623,0.6674186587333679,0.6455602049827576,0.787702739238739,0.7675998210906982,0.8320529460906982,0.6027919054031372,0.6122551560401917,0.7199793457984924,0.7743522524833679,0.46038490533828735,0.2885687053203583
265,560,286,432,318,300,390,308,393,443,425,565,350,305,353,170,350,151,337,53,358,340,326,276,297,177,411,159,395,244,427,244,0.7790715098381042,0.6564568877220154,0.579951822757721,0.5521902441978455,0.5995029211044312,0.6894249320030212,0.6627976894378662,0.8299248218536377,0.7539724111557007,0.774224579334259,0.5931742787361145,0.6110585331916809,0.7686314582824707,0.7229881882667542,0.30408868193626404,0.4321255683898926
265,560,286,432,318,300,382,305,395,446,425,565,350,305,353,170,350,151,337,53,350,347,318,268,297,177,406,159,393,247,371,337,0.7617501616477966,0.6864246726036072,0.5817786455154419,0.5167836546897888,0.6285872459411621,0.6947973370552063,0.6603774428367615,0.8511908650398254,0.790921688079834,0.7690064907073975,0.6413324475288391,0.5923967957496643,0.7365373969078064,0.7571777701377869,0.49712881445884705,0.4332502484321594
262,563,286,432,316,297,382,300,393,443,425,565,350,300,350,167,350,151,332,53,350,347,318,273,294,180,406,159,393,247,427,244,0.7195466160774231,0.6921353340148926,0.5271121263504028,0.5356743335723877,0.6745938062667847,0.7217254042625427,0.652352511882782,0.8658839464187622,0.7552082538604736,0.7428675889968872,0.6617364287376404,0.6348188519477844,0.7033684849739075,0.7998780012130737,0.3832392394542694,0.3020106256008148
262,563,286,432,316,297,382,300,395,446,425,565,350,300,350,172,350,151,332,53,350,342,318,273,294,180,406,159,395,244,427,244,0.7122427821159363,0.7115598320960999,0.5242696404457092,0.549400269985199,0.678580105304718,0.7335662245750427,0.6672858595848083,0.8650686740875244,0.7555304765701294,0.7529914975166321,0.6828151345252991,0.6397460103034973,0.7073217034339905,0.7915987372398376,0.346762478351593,0.31510359048843384
262,563,286,432,310,297,382,300,395,446,425,565,350,300,350,172,350,156,332,53,350,342,318,273,294,180,406,159,393,247,371,332,0.7126587629318237,0.7054194211959839,0.544699490070343,0.5683978199958801,0.6913119554519653,0.7316076159477234,0.6721130609512329,0.8663334846496582,0.7691694498062134,0.7370944023132324,0.6595282554626465,0.660834550857544,0.7198740243911743,0.8037148118019104,0.40604764223098755,0.4020272493362427
262,563,286,432,316,297,382,300,395,446,425,571,350,300,350,172,350,156,332,53,350,347,318,273,294,180,406,159,385,255,369,340,0.7100521326065063,0.7048597931861877,0.5485738515853882,0.5848237872123718,0.702338695526123,0.7037116885185242,0.6904740929603577,0.8599512577056885,0.7475734949111938,0.7649080157279968,0.7028902769088745,0.6956357359886169,0.7275536060333252,0.7941281199455261,0.42067205905914307,0.4642919600009918
257,563,286,432,310,297,382,300,393,443,425,571,350,300,347,170,350,156,332,53,350,347,318,273,289,180,401,159,382,257,363,340,0.7049092650413513,0.6987079977989197,0.584763765335083,0.5930233597755432,0.7015909552574158,0.710026204586029,0.662466287612915,0.8266725540161133,0.6732949018478394,0.7758015990257263,0.6815338134765625,0.7111945748329163,0.7141236066818237,0.823384702205658,0.49318045377731323,0.5291754603385925
257,563,286,432,308,300,382,300,393,443,425,565,350,300,347,170,342,159,329,55,350,347,318,273,289,180,401,159,382,262,363,340,0.7360413670539856,0.7125539183616638,0.5909724235534668,0.610923171043396,0.7077718377113342,0.7091577649116516,0.6361222863197327,0.8034647703170776,0.6485950946807861,0.7804540991783142,0.6712868809700012,0.7346401810646057,0.7489864230155945,0.8259139657020569,0.5780156850814819,0.5950226783752441
257,563,286,432,308,300,382,300,393,443,425,565,350,300,347,170,342,148,329,55,350,347,318,273,289,180,403,162,382,262,363,340,0.7314523458480835,0.7165398001670837,0.5961638689041138,0.6183130145072937,0.7090571522712708,0.7024722695350647,0.6314750909805298,0.8089592456817627,0.697214663028717,0.8138672113418579,0.6583013534545898,0.7310641407966614,0.7497802972793579,0.8255477547645569,0.5922062397003174,0.6112664937973022
257,563,286,432,308,300,382,300,393,443,425,571,350,300,347,170,340,156,329,55,347,350,318,273,289,180,401,159,382,262,363,340,0.7444100975990295,0.6996460556983948,0.5950426459312439,0.6277030110359192,0.7016914486885071,0.7024288773536682,0.6306665539741516,0.79417484998703,0.6795929670333862,0.7936734557151794,0.6614738702774048,0.7307355999946594,0.7571343183517456,0.8308207988739014,0.6450311541557312,0.649907112121582
257,563,286,427,310,297,382,300,393,443,425,571,347,297,347,170,342,159,329,55,347,350,318,273,289,180,403,162,382,262,363,340,0.7615087032318115,0.7001766562461853,0.6055598855018616,0.6331823468208313,0.6986694931983948,0.6956327557563782,0.6370230913162231,0.7859634160995483,0.7318122982978821,0.7433066368103027,0.6523775458335876,0.7335236668586731,0.7629994750022888,0.8224325180053711,0.6299325823783875,0.6243360638618469
257,563,286,427,310,297,382,300,393,443,425,571,347,297,347,170,342,159,329,61,347,350,318,273,289,180,403,162,382,262,363,340,0.7691224217414856,0.7017685770988464,0.6065791249275208,0.6326599717140198,0.6955808401107788,0.6883245706558228,0.6434366703033447,0.7838276624679565,0.7581639289855957,0.7727600336074829,0.6560097932815552,0.7372086644172668,0.7623240947723389,0.8206331133842468,0.6015217304229736,0.5896288156509399
255,560,286,427,310,297,382,300,393,443,425,565,347,297,347,170,342,159,329,61,347,350,318,273,289,180,401,159,382,257,361,337,0.7840381264686584,0.7019955515861511,0.6059132814407349,0.6198853850364685,0.6903735995292664,0.6855533123016357,0.6223360896110535,0.7617051601409912,0.7696408033370972,0.748826801776886,0.6373827457427979,0.6784217953681946,0.7475453615188599,0.8303923606872559,0.5604848265647888,0.5782362222671509
255,560,286,432,310,297,382,300,393,443,425,565,347,297,347,170,342,159,329,61,347,350,318,273,289,180,401,159,382,257,361,337,0.790907084941864,0.6936230063438416,0.611851692199707,0.6194549202919006,0.6955969333648682,0.6796208620071411,0.6343494057655334,0.7670828700065613,0.7582464218139648,0.7542435526847839,0.6355218887329102,0.6850771307945251,0.7298195362091064,0.8254186511039734,0.5500850677490234,0.5640584230422974
255,560,286,427,310,297,382,300,393,443,425,565,347,297,347,170,342,159,329,61,347,350,318,273,289,180,401,159,382,262,363,340,0.8104209899902344,0.6943468451499939,0.6184220910072327,0.6150880455970764,0.7009629607200623,0.6439422965049744,0.6307411789894104,0.7707713842391968,0.7408051490783691,0.7321475744247437,0.6143146753311157,0.6801623702049255,0.7103189826011658,0.8145887851715088,0.548410177230835,0.578681230545044
255,560,286,427,310,297,382,300,393,443,425,565,347,297,347,170,342,159,329,61,347,350,318,273,289,180,403,162,382,257,361,337,0.8105455636978149,0.6941260695457458,0.6220957040786743,0.6139017939567566,0.6979799866676331,0.6293851733207703,0.6357418894767761,0.7809609174728394,0.750596284866333,0.7625394463539124,0.6009701490402222,0.6733220219612122,0.709967851638794,0.8178508281707764,0.5233286023139954,0.5559026598930359
255,560,286,427,310,297,382,300,393,443,414,571,347,297,347,170,342,159,329,61,350,353,318,273,289,180,403,162,382,262,361,337,0.8122212886810303,0.6914710402488708,0.621493399143219,0.6175128221511841,0.6841080784797668,0.6283472180366516,0.6250507831573486,0.7819958925247192,0.7473255395889282,0.7743081450462341,0.5951864123344421,0.6899455785751343,0.7346901297569275,0.8100459575653076,0.5358353853225708,0.5442571640014648
255,560,286,427,310,297,382,300,393,443,417,573,342,297,347,170,342,159,329,61,350,353,318,273,289,180,403,162,382,262,363,340,0.8149082064628601,0.6791878342628479,0.6319277286529541,0.6082080006599426,0.7073609232902527,0.6599098443984985,0.6188275218009949,0.7814047932624817,0.7553010582923889,0.7929168939590454,0.6010024547576904,0.723063588142395,0.7329800724983215,0.8040125370025635,0.5620226860046387,0.5400292873382568
255,560,286,427,308,300,382,300,393,443,417,573,342,297,347,170,342,159,329,61,350,353,318,273,289,180,403,162,382,257,361,337,0.8159951567649841,0.6790128350257874,0.6379469633102417,0.6028150916099548,0.7261365056037903,0.6722878217697144,0.6161990761756897,0.7344197630882263,0.8006539344787598,0.7780543565750122,0.5998915433883667,0.7249241471290588,0.7622422575950623,0.8140369653701782,0.5659773945808411,0.5193353891372681
255,560,286,432,308,300,382,300,393,443,417,573,340,300,347,170,342,159,329,61,350,353,318,273,289,180,403,162,382,262,361,337,0.8170226216316223,0.6755443215370178,0.6373077630996704,0.6043498516082764,0.7307382822036743,0.6767807602882385,0.6224120259284973,0.736792802810669,0.8031768798828125,0.7760833501815796,0.5952476263046265,0.7243129014968872,0.7583228349685669,0.8074435591697693,0.5734347105026245,0.5243780612945557
255,560,286,427,310,297,382,300,393,443,417,573,342,297,347,170,342,159,329,61,350,353,318,273,289,180,401,159,382,257,361,337,0.8097444772720337,0.6765620112419128,0.6415767669677734,0.603547215461731,0.7298097014427185,0.6748740077018738,0.6310532689094543,0.7263424396514893,0.7934959530830383,0.7427904009819031,0.578447699546814,0.705285370349884,0.7658675909042358,0.8076623678207397,0.5569008588790894,0.47621816396713257
255,560,286,427,310,297,382,300,393,443,414,571,342,297,347,170,342,159,329,61,350,353,318,273,289,180,401,159,382,257,361,337,0.8014311194419861,0.6825839877128601,0.640080988407135,0.6004821062088013,0.7158711552619934,0.6732118725776672,0.6288456916809082,0.722357988357544,0.7789899110794067,0.7252835035324097,0.5692745447158813,0.7015529870986938,0.7659698128700256,0.8108671307563782,0.5496777296066284,0.4885880649089813
255,560,286,427,310,297,382,300,393,443,414,571,342,297,342,170,340,156,329,55,347,350,318,273,289,180,401,159,382,257,361,337,0.8022241592407227,0.6729201078414917,0.6279722452163696,0.5993879437446594,0.69497150182724,0.685717761516571,0.6319564580917358,0.7540301084518433,0.7840142846107483,0.7042078971862793,0.54677814245224,0.6613909602165222,0.7660707235336304,0.7898107171058655,0.5461945533752441,0.5250515341758728
255,560,286,427,308,300,382,300,393,443,414,571,340,300,342,170,340,156,329,61,350,347,318,268,286,177,401,159,382,257,361,337,0.8049122095108032,0.6600492596626282,0.6237121224403381,0.5840604901313782,0.6833718419075012,0.6866652369499207,0.6155787110328674,0.7733798027038574,0.8203865885734558,0.6950083374977112,0.5187051892280579,0.6195454001426697,0.7745193839073181,0.7727207541465759,0.5247690081596375,0.515093982219696
255,560,286,427,308,300,382,300,393,443,414,571,340,305,342,170,340,156,329,61,350,347,318,268,286,177,401,159,382,257,361,337,0.8069579005241394,0.6585420370101929,0.6114426851272583,0.5755928158760071,0.6839044690132141,0.6915873885154724,0.6006211042404175,0.7921078205108643,0.8367839455604553,0.6937172412872314,0.4886821508407593,0.5986993312835693,0.770419180393219,0.7529242634773254,0.48564550280570984,0.45086583495140076
255,560,286,427,308,300,382,300,393,443,414,571,340,305,342,170,340,156,329,61,350,347,318,273,289,180,401,159,382,257,361,337,0.8059436678886414,0.657264232635498,0.6066912412643433,0.5653049349784851,0.6959307193756104,0.6951299905776978,0.6074016094207764,0.796656608581543,0.8482788801193237,0.7227203845977783,0.4623100459575653,0.6314989328384399,0.7765516042709351,0.7430539727210999,0.4914064109325409,0.42469871044158936
255,560,286,427,308,300,382,300,393,443,414,571,340,305,342,170,342,159,326,63,350,347,318,273,289,180,401,159,382,262,361,337,0.8071180582046509,0.6562316417694092,0.6057330965995789,0.5705810785293579,0.6947873830795288,0.7001271843910217,0.6092715859413147,0.7994343042373657,0.8697772026062012,0.7290945053100586,0.492384135723114,0.6647171974182129,0.7779085040092468,0.7149461507797241,0.49443331360816956,0.47553324699401855
255,560,286,427,308,300,382,300,393,443,414,571,340,300,342,170,342,159,326,63,347,350,318,273,289,180,401,159,382,257,361,337,0.8124006986618042,0.6512642502784729,0.6115334033966064,0.5975711941719055,0.690608024597168,0.7063543200492859,0.6055004000663757,0.796919047832489,0.8660874962806702,0.7200801372528076,0.5743629932403564,0.6779131293296814,0.7776842713356018,0.7144919037818909,0.5488995313644409,0.511975109577179
255,560,286,427,308,300,382,300,393,443,414,571,340,300,342,170,342,159,326,63,347,350,318,273,289,180,401,159,382,257,361,337,0.8137182593345642,0.6513238549232483,0.6195663213729858,0.594898521900177,0.6918827891349792,0.7036837935447693,0.6176211833953857,0.7986170053482056,0.8759458065032959,0.731720507144928,0.5844912528991699,0.7036798596382141,0.7803705334663391,0.7208343148231506,0.5784141421318054,0.548793613910675
255,560,286,427,308,300,382,300,393,443,414,571,340,300,342,170,342,159,326,63,342,350,318,273,289,180,403,162,382,257,361,337,0.8155694603919983,0.6508886218070984,0.6283571720123291,0.596301257610321,0.6959781050682068,0.6974667906761169,0.6286706328392029,0.7773829698562622,0.8635333180427551,0.7140779495239258,0.59548020362854,0.6806420087814331,0.7828757166862488,0.7299379110336304,0.5924169421195984,0.5677943229675293
255,560,286,427,308,300,382,300,393,443,414,571,340,300,342,170,342,159,321,63,342,350,318,273,289,180,403,162,382,257,361,337,0.8110077977180481,0.6556547284126282,0.6223521828651428,0.5915953516960144,0.7015212774276733,0.6961087584495544,0.6322148442268372,0.7775012254714966,0.8673810362815857,0.7102231979370117,0.6121898889541626,0.6601613163948059,0.7799304723739624,0.7390003800392151,0.5738649368286133,0.6118097901344299
255,560,286,427,308,300,382,300,393,443,414,571,340,300,342,170,342,159,321,63,342,350,318,273,286,183,403,162,374,265,361,337,0.8127953410148621,0.664559543132782,0.6174982786178589,0.5906334519386292,0.7150610089302063,0.6963258385658264,0.6425750851631165,0.7446796298027039,0.8718690872192383,0.746523380279541,0.6079716682434082,0.693490207195282,0.7563662528991699,0.7372661828994751,0.6149094104766846,0.6141223907470703
255,560,286,427,308,300,382,300,393,443,414,571,340,300,340,172,342,159,321,63,340,353,318,273,286,183,403,162,374,265,361,342,0.8145813345909119,0.6696533560752869,0.6130683422088623,0.5772287249565125,0.7156285643577576,0.7033687233924866,0.6536428928375244,0.7428667545318604,0.8856586217880249,0.7662227153778076,0.6103583574295044,0.7173541784286499,0.7491182684898376,0.7068528532981873,0.6937735676765442,0.6551700234413147
255,560,286,427,308,300,382,300,393,443,417,573,340,300,340,172,342,159,321,63,340,353,318,273,286,183,403,162,374,265,361,342,0.8198649287223816,0.6668052077293396,0.5976676940917969,0.5588400959968567,0.717203676700592,0.71483314037323,0.6294375061988831,0.7310316562652588,0.8989772796630859,0.779797375202179,0.5968466997146606,0.7160688042640686,0.7363241910934448,0.6980096697807312,0.6842155456542969,0.6273465752601624
255,560,286,427,308,300,382,300,393,443,414,571,340,305,340,172,342,159,321,63,340,353,316,276,286,183,401,159,374,265,361,342,0.8102624416351318,0.6443829536437988,0.5937345027923584,0.567467987537384,0.7175740599632263,0.7024781107902527,0.6455373167991638,0.7826329469680786,0.8913607597351074,0.7850165963172913,0.6184684634208679,0.7007468342781067,0.7607554197311401,0.6711939573287964,0.6901667714118958,0.5949851870536804
255,560,286,427,308,300,382,300,393,443,414,571,340,300,340,172,340,162,321,63,340,353,316,276,286,183,395,159,374,265,361,342,0.810548722743988,0.6256580948829651,0.5942665338516235,0.572010338306427,0.7260900735855103,0.7038832902908325,0.6486908793449402,0.7828211784362793,0.8923848867416382,0.7827898859977722,0.6338351964950562,0.7095092535018921,0.7504958510398865,0.6668117642402649,0.7319338321685791,0.6198545694351196
255,560,286,427,308,300,382,300,393,443,414,571,340,300,340,177,340,162,321,63,340,353,316,276,286,183,393,162,374,265,361,342,0.8143447637557983,0.6250178217887878,0.5934107303619385,0.5693158507347107,0.7333793640136719,0.7032979130744934,0.6559898257255554,0.7669405937194824,0.8730815649032593,0.8011156320571899,0.6271539926528931,0.7121025919914246,0.6738442778587341,0.6728147864341736,0.7487519383430481,0.6088005900382996
255,560,286,432,308,300,382,305,393,443,417,573,340,305,340,177,340,162,321,63,340,353,316,276,286,188,393,162,371,262,361,342,0.8211091160774231,0.6427648663520813,0.5886481404304504,0.5326005816459656,0.7298355102539062,0.7166958451271057,0.6749841570854187,0.7668430805206299,0.8340431451797485,0.8382163643836975,0.641843318939209,0.6880205273628235,0.6727926135063171,0.725427508354187,0.6058184504508972,0.5713984966278076
255,560,286,432,308,305,382,305,393,443,417,573,340,305,340,177,340,162,321,63,340,353,316,276,286,188,393,162,371,257,361,342,0.8189747929573059,0.6505362391471863,0.6142216324806213,0.5484892725944519,0.72734534740448,0.71261066198349,0.6953797936439514,0.7831034660339355,0.8398603200912476,0.8433483839035034,0.651862382888794,0.6896854043006897,0.6776623725891113,0.7387309670448303,0.5442038774490356,0.5454733371734619
255,560,286,432,308,305,382,300,393,443,414,571,340,305,340,177,337,159,321,63,340,353,316,276,278,191,393,162,371,262,361,342,0.8214447498321533,0.644234299659729,0.6145009398460388,0.5332581400871277,0.6987442374229431,0.7101750373840332,0.6940985321998596,0.7756085395812988,0.7736698389053345,0.8558840751647949,0.6935977935791016,0.664576530456543,0.6463013291358948,0.7532318234443665,0.5325673222541809,0.567333996295929
255,560,286,432,308,300,374,297,393,443,414,571,340,300,340,177,337,159,316,63,340,353,310,276,278,188,393,162,371,268,361,342,0.821979284286499,0.6256606578826904,0.5948069095611572,0.580665647983551,0.697218656539917,0.697573721408844,0.6803562641143799,0.7125558853149414,0.7108787298202515,0.845995306968689,0.7345162630081177,0.7251701951026917,0.6197226643562317,0.7607340812683105,0.674972414970398,0.6496404409408569
255,560,284,435,308,300,371,300,393,443,414,571,340,300,332,180,329,162,316,63,340,353,310,276,276,188,393,162,369,265,353,340,0.8276854753494263,0.6092798709869385,0.5877176523208618,0.5864832401275635,0.6949371695518494,0.6933264136314392,0.6623219847679138,0.7042875289916992,0.7945420742034912,0.8283252716064453,0.67399662733078,0.7879663109779358,0.7091702818870544,0.710735023021698,0.6411921381950378,0.6270605325698853
255,560,278,435,300,308,371,305,393,443,414,571,337,308,329,172,329,162,316,63,332,350,308,273,276,183,385,159,363,265,350,342,0.8313654065132141,0.6565768718719482,0.6134008765220642,0.5456441044807434,0.6991035342216492,0.7100299596786499,0.6085485219955444,0.7365168333053589,0.876323938369751,0.7658681869506836,0.6899359226226807,0.7676377892494202,0.725969672203064,0.6778517365455627,0.5998407602310181,0.750796377658844
255,565,278,435,300,308,371,305,393,443,414,571,337,308,329,177,329,162,316,63,326,350,305,276,276,183,382,162,361,268,347,340,0.8212856650352478,0.6428890824317932,0.6494617462158203,0.5599880218505859,0.6982909440994263,0.7295963764190674,0.6205680966377258,0.7694209218025208,0.8239860534667969,0.7865407466888428,0.6743766665458679,0.6914358735084534,0.7474293112754822,0.6402407288551331,0.7656993269920349,0.6929477453231812
257,563,286,432,297,310,371,310,390,446,414,571,329,310,329,177,329,162,310,63,318,347,297,273,276,183,382,167,358,265,340,347,0.8073678612709045,0.6357580423355103,0.6651022434234619,0.6025360822677612,0.6538316607475281,0.7252994179725647,0.6456995606422424,0.791946530342102,0.7632833123207092,0.795606791973114,0.7139968872070312,0.7366916537284851,0.6602767705917358,0.7427736520767212,0.6821041107177734,0.6946979761123657
255,560,278,435,294,308,369,308,390,446,417,573,329,305,326,180,318,167,316,63,308,347,286,273,268,180,382,167,350,257,329,342,0.807864248752594,0.6555066704750061,0.5220898985862732,0.5424262881278992,0.6433216333389282,0.7263570427894592,0.586046040058136,0.6821589469909668,0.6672199964523315,0.8001348972320557,0.6733806133270264,0.7105204463005066,0.6851769685745239,0.8173138499259949,0.677503764629364,0.6707671880722046
257,563,276,438,297,305,363,308,390,446,417,573,329,310,318,172,318,162,316,63,294,350,286,273,268,180,379,170,340,262,318,342,0.8095853924751282,0.6416383385658264,0.5493579506874084,0.537632942199707,0.6492744088172913,0.7745748162269592,0.6485739350318909,0.727609395980835,0.7516269683837891,0.7888705134391785,0.540715754032135,0.7059592604637146,0.8052665591239929,0.773867666721344,0.6332995295524597,0.505521833896637
255,565,276,438,297,305,363,308,385,446,414,571,329,305,318,172,318,162,316,63,273,340,276,262,265,177,371,167,340,257,305,332,0.8208013772964478,0.6767720580101013,0.5333972573280334,0.5869215130805969,0.74221271276474,0.7750723361968994,0.6698532104492188,0.7959443926811218,0.8149560689926147,0.8168126344680786,0.6396469473838806,0.8370394110679626,0.8308091759681702,0.8186889290809631,0.731845498085022,0.6196473240852356
255,560,276,432,308,310,363,308,382,443,414,571,332,308,318,172,318,162,316,63,255,337,265,262,265,172,369,170,329,257,286,332,0.8264238834381104,0.7051066756248474,0.4261453151702881,0.5463777184486389,0.753365695476532,0.7683896422386169,0.5587455034255981,0.8673226833343506,0.8827966451644897,0.8223623037338257,0.6896260976791382,0.7731042504310608,0.8017533421516418,0.7963896989822388,0.7073121070861816,0.6718992590904236
255,560,276,432,305,308,361,310,382,443,414,571,329,310,316,170,316,159,316,63,233,332,257,255,268,170,361,172,310,255,265,332,0.83697110414505,0.7261661887168884,0.5028244256973267,0.551742434501648,0.7133519053459167,0.7664000988006592,0.5905358791351318,0.776801347732544,0.787358283996582,0.7952842116355896,0.6914841532707214,0.7748731970787048,0.8419283032417297,0.7140087485313416,0.6490787863731384,0.8055108189582825
255,560,276,438,297,316,361,310,379,446,414,571,329,310,316,170,316,159,316,63,223,321,255,252,265,167,361,172,300,255,244,326,0.824658215045929,0.6329073309898376,0.590121865272522,0.5563785433769226,0.6534172892570496,0.7695819735527039,0.6566733717918396,0.73753821849823,0.7767806053161621,0.8026688098907471,0.5964623093605042,0.777884304523468,0.7952949404716492,0.7511932253837585,0.7175016403198242,0.5827732682228088
255,560,273,435,297,316,361,316,379,446,414,571,329,316,310,170,310,159,316,63,204,308,247,244,265,167,353,180,318,225,247,294,0.8234719038009644,0.6192637085914612,0.5811505317687988,0.5465846061706543,0.6468966603279114,0.7789232134819031,0.6442950963973999,0.7645491361618042,0.8075988292694092,0.7965248227119446,0.6105284690856934,0.7443761229515076,0.7028679847717285,0.6201931834220886,0.48496824502944946,0.3630993366241455
255,560,276,432,294,308,361,310,371,438,414,571,329,310,310,170,310,159,310,63,191,300,244,236,273,159,350,177,273,244,215,297,0.8214631676673889,0.6718398928642273,0.5957563519477844,0.5664634704589844,0.5869438648223877,0.7844165563583374,0.6532214879989624,0.7437984943389893,0.8227927684783936,0.7432562708854675,0.5660074353218079,0.779102087020874,0.7426976561546326,0.7328684329986572,0.5920529961585999,0.14330458641052246
255,565,276,432,297,310,361,316,371,443,414,571,329,316,308,172,310,159,316,63,180,278,241,233,276,156,340,183,255,241,191,289,0.8226332068443298,0.6618126034736633,0.5725221633911133,0.5365930199623108,0.5531949996948242,0.7925531268119812,0.6224005818367004,0.7411797046661377,0.8513745069503784,0.7105013132095337,0.3223315477371216,0.6834769248962402,0.7184605002403259,0.6503257751464844,0.6000481247901917,0.4311952292919159
255,560,276,427,297,310,361,316,371,443,414,571,329,316,308,172,310,159,316,63,162,265,241,223,278,159,340,183,244,231,180,262,0.8090983033180237,0.6386280059814453,0.5615954995155334,0.5838327407836914,0.5715643763542175,0.7886568307876587,0.6585201025009155,0.7328488826751709,0.7993462085723877,0.6939007043838501,0.33447375893592834,0.5119670629501343,0.5910283923149109,0.6260921359062195,0.50620436668396,0.45320913195610046
255,560,276,427,297,316,361,316,374,446,414,571,329,316,310,170,310,159,310,63,223,236,252,212,286,156,340,188,273,212,209,233,0.7894091010093689,0.6563892960548401,0.5523672699928284,0.5922083258628845,0.5985540747642517,0.7889325022697449,0.6606137156486511,0.6758862137794495,0.7414125204086304,0.6958902478218079,0.1841696947813034,0.31934574246406555,0.57661372423172,0.5594903826713562,0.5045148730278015,0.5197221636772156
255,560,276,422,297,310,361,316,371,448,414,571,329,316,310,170,310,159,310,63,177,223,241,212,286,156,329,183,236,212,170,231,0.7937106490135193,0.6055766940116882,0.60036700963974,0.5829333066940308,0.6950231194496155,0.785807192325592,0.6500085592269897,0.6809532642364502,0.7553637027740479,0.6829001903533936,0.3422241508960724,0.38713592290878296,0.5772992372512817,0.6042307615280151,0.5289034247398376,0.4892500936985016
257,563,276,432,300,308,361,316,371,448,414,571,329,316,308,177,310,159,310,63,180,209,233,204,289,170,332,180,247,201,177,201,0.782716691493988,0.5688517093658447,0.5841189622879028,0.5753081440925598,0.6625381708145142,0.7876048684120178,0.6346865296363831,0.5895622372627258,0.7163171172142029,0.6928225159645081,0.3927623927593231,0.3561127185821533,0.46392861008644104,0.6234310865402222,0.3745456337928772,0.582770049571991
257,563,276,432,308,310,361,316,371,448,414,571,329,316,308,172,310,159,308,61,180,183,244,193,297,172,326,180,257,191,180,188,0.7850927710533142,0.6379374861717224,0.583099365234375,0.5593265295028687,0.6644363403320312,0.7829713225364685,0.5993446111679077,0.5067857503890991,0.6894879341125488,0.6803838610649109,0.39022958278656006,0.2575315237045288,0.32501283288002014,0.6714790463447571,0.3915552496910095,0.6402026414871216
255,560,276,432,305,308,361,310,371,454,414,571,329,310,308,172,305,159,310,63,193,180,244,204,289,170,321,180,262,191,177,170,0.7842133641242981,0.5794162154197693,0.6287497878074646,0.5354864001274109,0.6747189164161682,0.7769588828086853,0.6336416006088257,0.5640614032745361,0.7494744062423706,0.6982446312904358,0.4764716625213623,0.5537500381469727,0.4265938699245453,0.6246451139450073,0.5421172976493835,0.6959477066993713
255,565,273,435,308,310,358,318,371,448,414,571,329,316,305,170,305,159,305,63,191,162,247,191,297,167,316,180,255,183,180,151,0.7933695316314697,0.6723563075065613,0.5843040943145752,0.5501129031181335,0.6724882125854492,0.7775782346725464,0.6107908487319946,0.6241713166236877,0.7773796916007996,0.6969537734985352,0.39505162835121155,0.40977609157562256,0.3528366684913635,0.48955339193344116,0.42276766896247864,0.6191343665122986
255,565,276,438,308,310,358,318,371,454,414,571,329,316,310,170,310,159,300,63,199,138,257,180,321,148,310,180,257,180,191,140,0.7923550009727478,0.6904274821281433,0.5702863931655884,0.5517857670783997,0.6584253907203674,0.7839306592941284,0.6308915615081787,0.6216513514518738,0.713659405708313,0.6914243698120117,0.3859696388244629,0.3172587752342224,0.4943464696407318,0.5119072794914246,0.4922926425933838,0.5338128209114075
255,565,276,438,308,316,358,318,371,454,414,571,329,316,308,162,310,159,300,63,204,127,252,180,326,148,305,170,262,170,199,127,0.8018684983253479,0.7016432881355286,0.5669516324996948,0.5060608983039856,0.6529365181922913,0.7788076400756836,0.6249565482139587,0.621187686920166,0.6944401264190674,0.7107583284378052,0.32553043961524963,0.33475157618522644,0.5395488142967224,0.5117003321647644,0.47109872102737427,0.5354251861572266
255,565,276,438,308,316,358,318,371,454,414,571,332,318,310,170,316,159,297,66,215,116,257,180,318,151,316,180,268,170,212,119,0.7842970490455627,0.6915302276611328,0.5850023627281189,0.5460891723632812,0.6438711881637573,0.778435468673706,0.6207985877990723,0.612717866897583,0.7007244825363159,0.685167670249939,0.3558630347251892,0.16141381859779358,0.42684486508369446,0.509604811668396,0.6030932068824768,0.5009125471115112
257,563,276,438,308,310,361,316,371,454,414,571,337,318,310,170,316,159,297,66,231,106,-1,-1,321,148,310,180,265,167,233,119,0.7601635456085205,0.6437923312187195,0.6186466217041016,0.5517128705978394,0.6698324084281921,0.7840877175331116,0.5750947594642639,0.6061093807220459,0.7038431167602539,0.6289873719215393,0.2586584985256195,0,0.5176312327384949,0.534999668598175,0.5702607035636902,0.5932525396347046
255,565,276,443,310,308,369,318,374,456,414,571,340,316,318,167,318,162,294,74,236,108,-1,-1,326,148,310,180,273,170,233,114,0.750273585319519,0.6260400414466858,0.5546720027923584,0.5035723447799683,0.6960114240646362,0.7879529595375061,0.6228523254394531,0.6333352327346802,0.6940891742706299,0.5727761387825012,0.21432583034038544,0,0.47827422618865967,0.5110129714012146,0.539690375328064,0.4580274522304535
257,563,286,438,316,308,369,318,374,456,414,571,340,310,318,167,318,167,300,74,255,114,268,170,329,151,305,180,268,170,233,98,0.750045120716095,0.650326669216156,0.6012759804725647,0.5117480158805847,0.6863846182823181,0.7860889434814453,0.6178774833679199,0.668958306312561,0.7172484397888184,0.6196219325065613,0.14050085842609406,0.1864178329706192,0.5300754308700562,0.5666394233703613,0.5888169407844543,0.5724501609802246
257,563,286,438,318,310,371,316,374,456,414,571,342,308,318,167,318,167,300,74,255,119,273,172,329,151,310,180,268,170,244,108,0.7800253033638,0.710542619228363,0.6549053192138672,0.5530179738998413,0.685075581073761,0.7881509065628052,0.5950455665588379,0.6287534236907959,0.6982946395874023,0.630693793296814,0.19115974009037018,0.26003146171569824,0.4752385914325714,0.4949292838573456,0.40362560749053955,0.4451613128185272
257,563,286,438,321,318,371,321,382,454,414,571,350,321,321,170,321,170,300,74,247,116,276,172,329,156,308,188,273,170,247,108,0.7714634537696838,0.6870601177215576,0.6869558095932007,0.5822888016700745,0.771724283695221,0.7773897051811218,0.7049910426139832,0.6439341306686401,0.68769770860672,0.576062798500061,0.24993319809436798,0.3331608176231384,0.41802287101745605,0.42202597856521606,0.247441828250885,0.2525671124458313
257,563,286,443,326,318,382,326,393,454,414,571,350,321,329,177,326,170,308,77,236,106,268,151,310,170,332,191,-1,-1,-1,-1,0.7566969394683838,0.6163683533668518,0.6434826850891113,0.6430218815803528,0.731342613697052,0.7763271927833557,0.7081542611122131,0.6097371578216553,0.7117772102355957,0.6265442371368408,0.47079595923423767,0.31406670808792114,0.3881610035896301,0.40198051929473877,0,0
257,563,297,443,329,321,393,326,403,454,425,571,361,326,329,183,329,172,308,82,233,130,273,193,321,177,326,191,278,170,241,138,0.7625789046287537,0.6790063381195068,0.675922155380249,0.5679381489753723,0.6614973545074463,0.7049688696861267,0.6977965235710144,0.6497488021850586,0.6874691247940063,0.6176618933677673,0.522021472454071,0.47893601655960083,0.3025786876678467,0.35142242908477783,0.3158875107765198,0.4911686182022095
257,563,300,446,337,318,393,326,414,454,425,571,371,321,337,191,337,180,316,85,223,162,268,212,321,191,350,199,286,183,215,151,0.7446748614311218,0.6949203610420227,0.6293914914131165,0.5503664016723633,0.7308744788169861,0.7617874145507812,0.6379684209823608,0.6028555035591125,0.6705793142318726,0.6269941329956055,0.5725157260894775,0.6258394122123718,0.3306075632572174,0.5374954342842102,0.5565419793128967,0.5433764457702637
262,563,308,454,340,326,403,326,425,448,425,571,371,326,347,191,347,180,310,85,223,204,278,233,329,177,369,201,284,201,212,199,0.7164142727851868,0.6440363526344299,0.6066374778747559,0.6272531151771545,0.7159355282783508,0.7863520979881287,0.7332772612571716,0.5253281593322754,0.6564950346946716,0.6184451580047607,0.4613354504108429,0.3816669285297394,0.3076721131801605,0.6167376041412354,0.45321473479270935,0.6173827648162842
262,563,329,454,350,326,414,326,427,446,427,573,379,329,350,188,353,180,318,92,225,255,289,244,318,183,393,193,321,233,225,255,0.8156358003616333,0.7218216061592102,0.5609540939331055,0.5772048830986023,0.6578288674354553,0.7015411853790283,0.6255066394805908,0.7214867472648621,0.8193586468696594,0.656387984752655,0.35049933195114136,0.45256274938583374,0.5763347744941711,0.6744577288627625,0.3618667423725128,0.3806043267250061
265,560,337,456,350,326,414,326,425,454,425,571,382,326,350,188,350,188,321,95,284,308,310,268,300,191,406,180,361,252,-1,-1,0.8265619874000549,0.6622322201728821,0.619817316532135,0.5640043616294861,0.689458966255188,0.7798698544502258,0.6736180186271667,0.7395999431610107,0.8251796364784241,0.8189978003501892,0.5284485816955566,0.5826817750930786,0.7908264994621277,0.7961012721061707,0.5125434398651123,0
265,560,340,464,353,329,414,321,422,446,425,571,382,326,353,191,353,191,318,98,340,332,329,278,300,201,406,170,414,252,369,329,0.8055206537246704,0.6624472141265869,0.5234516859054565,0.6007300615310669,0.6094719767570496,0.803252637386322,0.655498206615448,0.7579188346862793,0.8063475489616394,0.7840563058853149,0.6917064189910889,0.6959734559059143,0.7997434735298157,0.6901265978813171,0.41719990968704224,0.6807526350021362
265,560,350,459,350,316,414,310,414,448,422,573,382,310,361,183,363,191,310,106,390,329,350,284,308,204,406,159,425,247,411,318,0.6954139471054077,0.7499602437019348,0.5035567283630371,0.5285840034484863,0.5694425702095032,0.6611964106559753,0.619486927986145,0.7526389360427856,0.8238825798034668,0.6321160793304443,0.627324640750885,0.6725706458091736,0.6951482892036438,0.6935392618179321,0.604534387588501,0.4733213484287262
268,552,361,459,361,321,414,321,414,448,425,571,390,318,358,180,363,191,318,103,446,326,371,273,318,209,403,156,425,236,454,308,0.7058364748954773,0.6530447602272034,0.6070975065231323,0.5490551590919495,0.6100168228149414,0.7561115026473999,0.5720333456993103,0.792185366153717,0.7543646693229675,0.6559892892837524,0.5685020089149475,0.5991142392158508,0.6674820780754089,0.6939451098442078,0.634568452835083,0.45907923579216003
268,552,361,459,363,318,411,318,414,448,425,571,385,318,358,180,361,188,318,98,478,284,406,255,321,212,390,148,435,220,486,286,0.7433873414993286,0.6933541297912598,0.6388594508171082,0.6061624884605408,0.5908429026603699,0.7173652052879333,0.6426937580108643,0.7613664865493774,0.7616785764694214,0.7039780020713806,0.38351133465766907,0.5636433362960815,0.6811400055885315,0.7486836910247803,0.7765229344367981,0.588607907295227
268,552,361,464,371,326,411,318,414,454,425,571,393,321,363,191,361,183,316,95,517,244,443,223,340,209,379,180,435,215,478,257,0.6901251673698425,0.653355062007904,0.5597338080406189,0.5215418934822083,0.6158996224403381,0.7296330332756042,0.5817734599113464,0.6301928758621216,0.6577553749084473,0.691861629486084,0.6557482481002808,0.4961532950401306,0.5721514225006104,0.2528505325317383,0.31956613063812256,0.2100445032119751
273,541,371,459,382,332,414,326,414,454,425,571,393,326,358,191,358,180,326,85,523,191,443,201,363,201,342,180,406,220,422,265,0.669677734375,0.6729251146316528,0.5904595851898193,0.4582803547382355,0.6727849245071411,0.7502174377441406,0.6130824685096741,0.7005001902580261,0.708797812461853,0.6768754124641418,0.5412942171096802,0.46075186133384705,0.5092997550964355,0.432480126619339,0.12186320126056671,0.21663621068000793
273,541,371,459,393,326,403,321,414,454,425,571,393,321,363,180,363,170,321,85,507,148,427,191,371,193,350,156,425,188,488,151,0.7902057766914368,0.6593592762947083,0.5223451852798462,0.42837923765182495,0.6480304598808289,0.7673795223236084,0.5656899809837341,0.652362585067749,0.7434945106506348,0.6312838196754456,0.5465171337127686,0.4473288059234619,0.512583315372467,0.44430017471313477,0.2780676484107971,0.39064985513687134
276,539,382,454,395,318,401,308,414,448,425,571,401,308,361,172,358,170,340,71,488,114,432,170,371,188,340,156,363,151,475,127,0.6935963034629822,0.6092617511749268,0.49732428789138794,0.38296976685523987,0.6849226355552673,0.7579664587974548,0.5007657408714294,0.6471099853515625,0.7580582499504089,0.5573769807815552,0.4548782408237457,0.5209150314331055,0.5452360510826111,0.602105438709259,0.20065170526504517,0.4220953583717346
286,533,382,448,403,316,403,305,417,446,425,571,401,308,358,170,361,167,353,63,456,103,427,156,382,183,332,159,350,140,448,106,0.6656600832939148,0.6057511568069458,0.5787733197212219,0.4336426556110382,0.6618937849998474,0.7688038945198059,0.6367918848991394,0.6815135478973389,0.6913275122642517,0.5467937588691711,0.6633526086807251,0.580468475818634,0.5156908631324768,0.654381275177002,0.22158411145210266,0.354193776845932
286,533,382,448,414,316,390,308,417,446,425,571,403,310,361,162,361,162,369,63,422,74,425,135,385,180,329,156,340,108,371,71,0.7217972278594971,0.6202216744422913,0.5413510799407959,0.4352037310600281,0.6508861184120178,0.7456376552581787,0.5971349477767944,0.633419930934906,0.6744575500488281,0.5087590217590332,0.5328781008720398,0.5894367098808289,0.4898049533367157,0.6240096688270569,0.3016507625579834,0.29933878779411316
294,531,385,446,414,310,393,305,417,446,425,571,406,308,363,159,363,159,374,55,403,98,417,148,385,180,329,156,350,119,406,74,0.691537082195282,0.6166136860847473,0.49931883811950684,0.39391854405403137,0.594383180141449,0.7511852383613586,0.5488225221633911,0.6331701874732971,0.6976679563522339,0.5042563080787659,0.6201767921447754,0.57762211561203,0.3700929880142212,0.6395660042762756,0.2948775291442871,0.31773003935813904
294,531,379,446,414,310,414,305,414,443,425,571,406,308,371,151,374,148,361,50,-1,-1,406,140,422,148,329,156,358,138,358,116,0.713609516620636,0.5584195256233215,0.2735395133495331,0.2206532210111618,0.5573623776435852,0.7056041359901428,0.40869733691215515,0.603962779045105,0.6395848989486694,0.5349040627479553,0,0.11445626616477966,0.4424279034137726,0.4656102955341339,0.14813178777694702,0.24034294486045837
297,533,379,446,432,297,393,300,417,446,425,571,414,300,379,148,382,151,363,53,414,87,411,135,425,140,340,162,340,130,316,85,0.7530125975608826,0.608637273311615,0.41578787565231323,0.4069807827472687,0.5995699167251587,0.7487459182739258,0.45299625396728516,0.7433009743690491,0.6240959167480469,0.6046267747879028,0.1170475035905838,0.12830854952335358,0.6450604796409607,0.6524335145950317,0.3089410066604614,0.32666075229644775
297,533,379,446,432,297,385,297,414,443,425,571,403,300,379,148,382,151,371,50,358,106,361,108,425,140,332,159,300,148,300,85,0.7059836983680725,0.5908518433570862,0.34510424733161926,0.3776244521141052,0.5987132787704468,0.7304077744483948,0.3723255395889282,0.7455494403839111,0.589992880821228,0.5685293078422546,0.16748034954071045,0.23809708654880524,0.7247033715248108,0.6776155829429626,0.24048082530498505,0.33907660841941833
297,539,374,446,425,300,406,297,414,443,425,571,406,308,382,151,382,151,363,53,-1,-1,353,116,427,138,340,167,310,148,286,87,0.6411200165748596,0.5796250104904175,0.1987914890050888,0.21111981570720673,0.6365224719047546,0.7163761258125305,0.29785051941871643,0.6927435994148254,0.7333841919898987,0.5012367367744446,0,0.4073765277862549,0.7190091609954834,0.5448526740074158,0.44153451919555664,0.4631626009941101
297,539,374,446,425,305,393,305,414,443,425,571,403,310,382,151,382,151,374,42,289,85,350,114,427,138,337,159,286,151,273,95,0.6487241387367249,0.6183465123176575,0.2715130150318146,0.2993175685405731,0.6330961585044861,0.7306969165802002,0.3667744994163513,0.7985185980796814,0.7597202062606812,0.5559270977973938,0.2727224826812744,0.5166813731193542,0.6577155590057373,0.6977834105491638,0.6050382852554321,0.5618557333946228
297,533,371,443,425,316,390,308,411,446,425,571,406,318,385,148,385,148,374,42,297,87,358,106,432,138,340,156,276,156,265,103,0.7322275042533875,0.6191319823265076,0.24125467240810394,0.3011768162250519,0.5762834548950195,0.6999946236610413,0.418117880821228,0.7917319536209106,0.7548835277557373,0.5374104976654053,0.3543735146522522,0.5055111646652222,0.660711407661438,0.6635264754295349,0.7657060623168945,0.7054558396339417
297,533,371,443,425,316,385,308,414,443,425,571,403,316,385,148,382,146,382,39,297,87,361,103,435,135,340,151,268,159,255,103,0.7335682511329651,0.5731013417243958,0.20704306662082672,0.2867743670940399,0.5774075984954834,0.6988915205001831,0.39774614572525024,0.7640573978424072,0.7209503650665283,0.5355664491653442,0.4376831352710724,0.432973712682724,0.6249962449073792,0.6095739006996155,0.8372664451599121,0.6442584991455078
297,533,371,443,427,308,390,308,414,443,425,571,403,310,385,148,385,138,385,31,297,92,-1,-1,435,135,340,151,265,162,255,98,0.6861152052879333,0.6234623789787292,0.2127755582332611,0.2855782210826874,0.6018889546394348,0.70787113904953,0.3472433090209961,0.7020933032035828,0.736790657043457,0.5602034330368042,0.22865891456604004,0,0.6361264586448669,0.6443635821342468,0.766893744468689,0.6956312656402588
300,531,371,443,432,300,382,310,414,443,425,571,406,308,393,146,390,138,385,31,305,95,-1,-1,435,135,340,151,262,159,262,95,0.700302004814148,0.6056165099143982,0.15243308246135712,0.2675558626651764,0.5965717434883118,0.6887690424919128,0.3259483575820923,0.6890103816986084,0.7253482937812805,0.6043457984924316,0.10285787284374237,0,0.6394113898277283,0.7096269726753235,0.7221127152442932,0.7000442743301392
297,533,371,443,432,297,385,308,414,443,425,571,406,308,385,138,385,138,390,31,-1,-1,-1,-1,435,135,340,151,257,159,262,95,0.5896526575088501,0.5919963717460632,0.2052750140428543,0.27210167050361633,0.566767156124115,0.6058874130249023,0.3639986515045166,0.6415266990661621,0.7152856588363647,0.5866725444793701,0,0,0.618724524974823,0.7154302597045898,0.7075430154800415,0.7848811149597168
305,531,371,443,427,297,379,308,411,446,425,571,403,310,382,146,385,138,395,31,318,92,-1,-1,435,135,340,151,257,159,265,98,0.6288105845451355,0.5034434795379639,0.1861017495393753,0.2509917914867401,0.45784738659858704,0.4458553194999695,0.44360804557800293,0.6514428853988647,0.7475630640983582,0.6111325025558472,0.23347432911396027,0,0.5996152758598328,0.6760777831077576,0.7605886459350586,0.7878954410552979
305,531,371,443,432,297,379,308,411,446,425,571,403,310,393,140,390,138,395,31,318,92,371,92,435,130,342,148,257,159,268,95,0.6121530532836914,0.5710551142692566,0.19489625096321106,0.30682095885276794,0.5081124305725098,0.5236350893974304,0.40105101466178894,0.7250616550445557,0.7095187902450562,0.603617787361145,0.2514135539531708,0.13625137507915497,0.6018350720405579,0.6907121539115906,0.8031513094902039,0.7484150528907776
305,533,371,443,432,297,379,308,411,446,425,571,403,310,393,140,393,135,395,31,318,87,-1,-1,443,127,342,148,257,159,268,95,0.5714805722236633,0.5482836365699768,0.1776425987482071,0.31345000863075256,0.47738221287727356,0.5177893042564392,0.40857988595962524,0.7595015168190002,0.7283278703689575,0.5980885028839111,0.25449925661087036,0,0.5949234962463379,0.6727092266082764,0.8297359347343445,0.6992650032043457
305,531,371,443,432,297,379,308,406,446,425,571,406,308,393,140,390,138,395,31,318,87,-1,-1,438,127,342,148,257,159,273,95,0.5876885056495667,0.4651937782764435,0.15684892237186432,0.2777920961380005,0.36604592204093933,0.3276049494743347,0.41365090012550354,0.7471944689750671,0.7637404203414917,0.5971157550811768,0.29222428798675537,0,0.5748161673545837,0.683005690574646,0.8304448127746582,0.6908202767372131
305,531,371,443,435,300,379,308,406,446,425,571,406,308,393,140,390,138,395,31,318,87,-1,-1,443,127,342,148,257,159,276,92,0.6354485154151917,0.5261128544807434,0.20065322518348694,0.32268771529197693,0.4293854832649231,0.437871515750885,0.4275400936603546,0.7660191059112549,0.7836370468139648,0.6228979229927063,0.23629821836948395,0,0.6086845993995667,0.678091287612915,0.8294132351875305,0.7524100542068481
305,531,371,438,432,297,379,308,406,446,425,571,403,310,393,140,390,138,395,31,329,92,382,103,443,127,342,148,257,159,276,98,0.6343732476234436,0.4956061542034149,0.21752390265464783,0.31458503007888794,0.4078747034072876,0.3906481862068176,0.4764135777950287,0.7513831257820129,0.7976750731468201,0.6105773448944092,0.41063836216926575,0.10038721561431885,0.6102380752563477,0.6537708640098572,0.7961507439613342,0.7581725120544434
305,531,371,443,432,297,379,308,403,443,425,571,403,310,393,140,393,135,395,31,321,87,382,103,443,127,342,148,257,159,276,92,0.634270191192627,0.46532294154167175,0.19747167825698853,0.30562856793403625,0.4003210961818695,0.4410346746444702,0.47839948534965515,0.7519389390945435,0.8039934039115906,0.577333390712738,0.5015661120414734,0.11306603997945786,0.6581239700317383,0.6121092438697815,0.8054317235946655,0.8249063491821289
305,531,371,443,432,300,379,308,406,446,425,571,403,310,393,140,393,135,395,31,329,92,-1,-1,446,130,347,148,257,159,278,95,0.6517670154571533,0.48514699935913086,0.18144895136356354,0.29930394887924194,0.4251725673675537,0.5101137757301331,0.49436885118484497,0.7477097511291504,0.8070013523101807,0.5796523690223694,0.4158599376678467,0,0.6271434426307678,0.6192687153816223,0.7992115616798401,0.794074296951294
305,531,371,438,435,300,379,308,406,446,425,571,403,316,393,140,393,135,401,31,326,85,-1,-1,446,130,347,148,262,159,278,95,0.6701351404190063,0.5133840441703796,0.165750652551651,0.27816805243492126,0.44229134917259216,0.5430006384849548,0.4270295202732086,0.7641168236732483,0.7959637641906738,0.6170589327812195,0.4103160500526428,0,0.616142749786377,0.6352564692497253,0.7701531648635864,0.7543731927871704
305,531,371,438,435,294,379,308,414,443,425,571,403,310,395,138,395,138,401,31,326,85,-1,-1,446,135,350,146,262,159,284,95,0.684177577495575,0.5091150403022766,0.16849234700202942,0.26581475138664246,0.4632110297679901,0.5469213128089905,0.41013261675834656,0.7083248496055603,0.7497704029083252,0.5993150472640991,0.5006418824195862,0,0.6130797266960144,0.6396963000297546,0.8176619410514832,0.7281816005706787
305,531,371,438,435,300,385,308,414,438,425,565,403,310,395,138,393,135,401,31,326,85,379,95,446,130,350,146,262,159,284,95,0.6754851937294006,0.5561626553535461,0.18077807128429413,0.2840452790260315,0.513261616230011,0.6176393628120422,0.4293162524700165,0.721282958984375,0.736390233039856,0.6001734733581543,0.5149480700492859,0.12410089373588562,0.678613543510437,0.6302717924118042,0.8366126418113708,0.7403038740158081
305,531,371,438,427,308,385,308,414,438,425,565,406,316,395,138,395,138,403,29,337,95,382,98,446,130,350,146,265,162,286,92,0.6657183766365051,0.5616485476493835,0.17555400729179382,0.27787265181541443,0.5309102535247803,0.6710426211357117,0.4173373579978943,0.7217328548431396,0.7358851432800293,0.6111884713172913,0.40950465202331543,0.12202249467372894,0.6954600214958191,0.6201760172843933,0.856765627861023,0.775381326675415
305,531,371,438,432,300,385,308,414,438,425,565,411,308,395,138,393,135,403,29,329,87,385,95,446,130,350,140,265,162,284,95,0.6468852758407593,0.5675163865089417,0.18063585460186005,0.2774766683578491,0.5247306227684021,0.6448972225189209,0.43678921461105347,0.736049473285675,0.7064411044120789,0.6127790212631226,0.35941460728645325,0.11420740187168121,0.6847237348556519,0.6372187733650208,0.8618007898330688,0.7860554456710815
305,531,371,438,435,300,390,308,414,438,425,565,411,308,401,138,393,135,403,29,329,87,-1,-1,446,130,350,140,268,159,284,95,0.6406760811805725,0.5583845973014832,0.19139398634433746,0.27393433451652527,0.5163227915763855,0.6571351885795593,0.43554139137268066,0.7350987195968628,0.6955008506774902,0.6074509620666504,0.43042153120040894,0,0.6512778401374817,0.6666777729988098,0.862307071685791,0.8100003004074097
305,531,371,438,435,300,390,308,414,443,425,565,411,308,401,138,395,138,403,29,337,92,-1,-1,446,130,350,140,268,159,286,92,0.63677579164505,0.5431116223335266,0.19542723894119263,0.27367982268333435,0.49506476521492004,0.6441097855567932,0.4342203438282013,0.7492761611938477,0.6865317225456238,0.597537100315094,0.4625626802444458,0,0.647341787815094,0.6514654755592346,0.8650777339935303,0.8163732290267944
305,531,371,438,435,300,385,308,414,443,425,565,411,308,401,138,395,138,403,29,340,92,-1,-1,446,130,350,140,268,159,286,92,0.6302990317344666,0.5355423092842102,0.2121845930814743,0.29879477620124817,0.4896604120731354,0.6349648833274841,0.44376054406166077,0.7539862990379333,0.675871729850769,0.5888278484344482,0.44845277070999146,0,0.6589701771736145,0.6632676720619202,0.8543379306793213,0.8164764046669006
305,531,371,443,435,300,385,308,414,443,425,565,406,308,401,138,393,130,403,29,337,92,-1,-1,446,130,350,140,268,159,286,92,0.6337401270866394,0.5210515260696411,0.19839097559452057,0.27640971541404724,0.4904281795024872,0.647676944732666,0.4254745841026306,0.7570297718048096,0.6696922779083252,0.5677995085716248,0.34730079770088196,0,0.6486911177635193,0.6655749678611755,0.8519806265830994,0.805349588394165
305,531,371,443,435,300,385,308,414,443,425,571,406,308,401,138,401,127,406,31,337,95,-1,-1,446,130,350,140,268,159,286,92,0.6569981575012207,0.568336009979248,0.22475144267082214,0.29837343096733093,0.5347380042076111,0.6737490296363831,0.4363471567630768,0.7615537643432617,0.6922235488891602,0.5469590425491333,0.3640197515487671,0,0.6156884431838989,0.6555709838867188,0.8169026374816895,0.7936209440231323
305,531,371,443,435,300,385,308,414,443,425,571,403,310,401,138,403,130,406,31,337,95,-1,-1,456,135,350,140,268,159,289,95,0.6595911383628845,0.5644343495368958,0.1957966387271881,0.3062075078487396,0.5249204039573669,0.6713116765022278,0.4191562235355377,0.8177585601806641,0.7284804582595825,0.5667359232902527,0.44049501419067383,0,0.6132826805114746,0.6611232161521912,0.8160764575004578,0.7559611201286316
305,531,371,443,435,300,385,308,414,443,425,565,403,310,401,138,403,135,406,31,340,92,-1,-1,456,135,350,140,268,159,289,95,0.6617001891136169,0.5624117851257324,0.22151124477386475,0.2953377962112427,0.5275062918663025,0.674124538898468,0.41694164276123047,0.831109881401062,0.7283044457435608,0.5771670937538147,0.4671199321746826,0,0.6152052283287048,0.6668200492858887,0.8001019954681396,0.7394512891769409
305,531,371,443,435,300,385,308,414,443,425,565,406,308,403,140,403,130,411,31,340,92,-1,-1,456,135,350,140,268,159,289,95,0.6479251384735107,0.5532402992248535,0.20442453026771545,0.26534155011177063,0.5117285251617432,0.6616548895835876,0.414699524641037,0.8354270458221436,0.7397829294204712,0.5673816800117493,0.42979496717453003,0,0.6206812262535095,0.6770496964454651,0.8032793402671814,0.7353885173797607
