330,866,375,648,401,450,510,453,566,645,600,851,461,450,461,225,461,210,465,56,450,506,405,386,348,240,566,210,540,371,495,483,0.609374821,0.604188383,0.490730554,0.535510838,0.53879565,0.695878565,0.623091519,0.745078206,0.734548926,0.667807162,0.702344477,0.686251342,0.687772512,0.755322814,0.722852945,0.693296432
333,870,375,648,401,450,510,453,566,645,600,851,461,450,461,225,461,210,465,56,450,506,405,386,348,240,566,210,540,371,495,483,0.606830239,0.606225848,0.489097118,0.534935355,0.540486991,0.695798934,0.622770071,0.746879101,0.735641241,0.666070521,0.701926947,0.687007606,0.685619056,0.757133722,0.724571943,0.69178164
330,866,375,648,401,450,510,453,566,645,600,851,461,450,461,225,461,210,465,56,450,506,405,386,348,240,566,210,540,371,495,483,0.599072158,0.607241571,0.491536021,0.536109507,0.540386021,0.695003688,0.62194711,0.739321709,0.732881308,0.674299896,0.703045666,0.690756798,0.694668293,0.754147351,0.725081623,0.695262372
330,866,375,648,401,450,510,453,566,645,600,851,461,450,461,225,461,210,465,56,450,506,405,386,348,240,566,210,540,371,495,483,0.603045881,0.608880937,0.494638741,0.538612902,0.541898072,0.69467169,0.622047901,0.740594149,0.733973265,0.676598012,0.705177009,0.692750633,0.694235265,0.755469501,0.727213979,0.692856014
330,866,375,648,401,450,510,453,566,645,600,851,461,450,461,225,461,210,465,56,450,506,405,386,348,240,566,210,540,371,495,483,0.596281528,0.60949868,0.494362354,0.537123799,0.541823566,0.693971515,0.620649219,0.736696124,0.731461883,0.67789942,0.707480073,0.693819582,0.695812881,0.754456401,0.72876817,0.693774045
330,866,375,648,401,450,510,453,566,645,600,851,461,450,461,225,461,210,465,56,450,506,405,386,348,240,566,210,540,371,495,483,0.598639429,0.609758198,0.494619459,0.534817517,0.541499913,0.694705665,0.621679068,0.736331165,0.731038451,0.681145191,0.712395966,0.694644511,0.695444047,0.751680136,0.732190847,0.692877054
330,866,375,648,401,450,510,453,566,645,600,851,461,450,461,225,461,210,465,56,450,506,405,386,348,240,566,210,540,371,495,483,0.602824092,0.606681764,0.493376225,0.529355407,0.542705238,0.695563972,0.624501407,0.73638171,0.730874658,0.680192351,0.713764071,0.689059675,0.691802382,0.753018081,0.728470147,0.690147996
330,866,375,648,401,450,510,453,566,645,600,851,461,450,461,225,461,210,465,56,450,506,405,386,348,240,566,210,540,371,495,483,0.599460185,0.605973542,0.490104586,0.529048383,0.543861508,0.694918096,0.623442709,0.734802186,0.731153369,0.681955755,0.714897633,0.678937137,0.692684948,0.753235757,0.727457881,0.69302994
330,866,375,648,401,450,510,461,566,645,600,851,461,450,461,225,461,210,465,56,450,506,405,386,348,240,566,210,540,371,491,480,0.602699578,0.604947329,0.487035632,0.530960381,0.540924013,0.694729507,0.618671358,0.735568464,0.72948277,0.679579377,0.716575921,0.674916267,0.691938043,0.753148139,0.72260493,0.69508636
330,866,375,648,401,450,510,461,566,645,600,851,461,450,461,225,461,210,465,56,453,510,405,386,348,240,566,210,540,371,491,480,0.6053617,0.603572309,0.483016074,0.521206439,0.540405452,0.694616377,0.61969918,0.733759522,0.726766944,0.677652895,0.717349708,0.680202186,0.693935573,0.753606439,0.718113065,0.69905591
330,866,375,648,401,450,510,453,566,645,600,851,461,450,461,225,461,210,465,56,453,510,405,386,348,240,566,210,540,371,491,480,0.603431046,0.605988383,0.486697584,0.525336981,0.539654791,0.695076883,0.624227166,0.734228492,0.728420973,0.671686113,0.713058293,0.67741096,0.6913715,0.755658209,0.717400193,0.693789482
330,866,375,648,401,450,510,453,566,645,600,851,461,450,461,225,461,210,465,56,453,510,405,386,348,240,566,210,540,371,491,480,0.607959151,0.605043471,0.485064805,0.526114047,0.538720965,0.695691526,0.624994218,0.731070757,0.725906253,0.673994899,0.711326003,0.676447988,0.692665398,0.754995227,0.717148602,0.69255197
330,866,375,648,401,450,510,453,566,645,600,851,461,450,461,225,461,210,465,56,453,510,405,386,348,240,566,210,540,371,491,480,0.609072685,0.604483545,0.485953867,0.525965512,0.538328111,0.69567579,0.625406802,0.734217763,0.726271987,0.67127043,0.710245371,0.676700056,0.689698935,0.75798744,0.718130469,0.69317162
330,866,375,648,401,450,510,453,566,645,600,851,461,450,461,225,461,210,465,56,453,510,405,386,348,240,566,210,540,371,491,480,0.609568298,0.603204906,0.487023175,0.530189514,0.540141702,0.696353197,0.626064122,0.734199047,0.724450111,0.671417356,0.710847914,0.675828397,0.68584311,0.757173598,0.719498992,0.694398999
330,866,375,648,401,450,510,453,566,645,600,851,461,450,461,225,461,210,465,56,453,510,405,386,348,240,566,210,540,371,491,480,0.60770756,0.601124108,0.488075793,0.524631619,0.539820611,0.696600139,0.627658546,0.73602742,0.727633238,0.672864914,0.711127698,0.681101859,0.686499357,0.761268795,0.71459043,0.694424629
330,866,375,648,401,450,510,453,566,645,600,851,461,450,461,225,461,210,465,56,453,510,405,386,348,240,566,210,540,371,491,480,0.608594596,0.600704849,0.490011096,0.526462615,0.540792525,0.696902931,0.629378617,0.726679921,0.721428037,0.668321967,0.710524142,0.672973752,0.69250828,0.760484695,0.710751176,0.693607628
330,866,375,648,401,450,510,453,566,645,600,851,461,450,461,225,461,210,465,56,453,510,405,386,348,240,566,210,540,371,491,480,0.608772814,0.599272907,0.490876317,0.526372254,0.53845638,0.697846115,0.629699767,0.724748254,0.720019937,0.670426846,0.712727249,0.675613225,0.693169296,0.757636964,0.711588681,0.693012953
330,866,375,648,401,450,510,453,566,645,600,851,461,450,461,225,461,210,465,56,453,510,405,386,348,240,566,210,540,371,491,480,0.610058069,0.597488165,0.49260062,0.526054382,0.536050558,0.697725236,0.629348278,0.726597011,0.721696675,0.668966651,0.711775124,0.675957739,0.691507041,0.757997036,0.712796271,0.69419992
330,866,375,648,401,450,510,453,566,645,600,851,461,450,461,225,461,210,465,56,453,510,405,386,348,240,566,210,540,371,491,480,0.607021987,0.596970499,0.490783632,0.52391237,0.532737076,0.697300017,0.631240129,0.719877839,0.719086409,0.674132407,0.709225535,0.676002204,0.69288224,0.752362072,0.71161902,0.687204182
330,866,375,648,401,450,510,453,566,645,600,851,461,450,461,225,461,210,465,56,453,510,405,386,348,240,566,210,540,371,491,480,0.608186185,0.595901549,0.492266297,0.5223037,0.532965779,0.69858855,0.63192296,0.72662127,0.721485257,0.667048991,0.71612215,0.680478275,0.687151611,0.75276798,0.712130368,0.685974956
330,866,375,648,401,450,510,453,566,645,600,851,461,450,461,225,461,210,465,56,453,510,405,386,348,240,566,210,540,371,491,480,0.613357902,0.593475223,0.49107787,0.525903881,0.531414688,0.699031174,0.630821049,0.728178859,0.719204307,0.66375035,0.721310556,0.686740458,0.688108623,0.754237175,0.71190995,0.689632475
330,866,375,648,401,450,510,453,566,645,600,851,461,450,461,225,461,210,465,56,453,510,405,386,348,240,566,210,540,371,491,480,0.615383685,0.591731012,0.492229015,0.528551221,0.531078398,0.699273884,0.629921198,0.725503981,0.716505766,0.664832294,0.725730777,0.690032363,0.687681615,0.75236702,0.713585973,0.689904213
330,866,375,648,401,450,510,453,566,645,600,851,461,450,461,225,461,210,465,56,453,510,405,386,348,240,566,210,540,371,491,480,0.616137922,0.596947372,0.491406024,0.527736247,0.532039344,0.698738992,0.628010213,0.730566859,0.721064627,0.666716754,0.724138796,0.693266392,0.680804193,0.75374645,0.715560794,0.688781023
330,866,375,648,401,450,510,453,566,645,600,851,461,450,461,225,461,210,465,56,450,506,405,386,348,240,566,210,540,371,495,483,0.614221632,0.598862112,0.492318571,0.528339207,0.532444894,0.697862208,0.62756145,0.728074014,0.720402122,0.668667376,0.721130669,0.688990831,0.683147728,0.754178345,0.716700733,0.683968306
330,866,375,648,401,450,510,453,566,645,600,851,461,450,461,225,461,210,465,56,453,510,405,386,348,240,566,210,540,371,495,483,0.615063012,0.602544069,0.488363981,0.533422768,0.534174442,0.698159158,0.62305057,0.713450909,0.710603714,0.662365556,0.717347443,0.69257772,0.699341357,0.751460135,0.715669632,0.687988579
330,866,375,648,401,450,510,453,566,645,600,851,461,450,453,225,453,210,465,56,453,510,405,386,348,240,566,210,540,371,495,483,0.615310013,0.600811779,0.488661557,0.538784146,0.537180483,0.698373854,0.62184608,0.71974647,0.709110379,0.662395537,0.713619232,0.693521202,0.714718878,0.749553144,0.715837121,0.684974253
330,866,375,648,405,446,510,453,566,645,600,851,461,450,453,225,453,210,465,56,453,510,405,386,348,240,566,210,540,371,495,483,0.615490258,0.600470364,0.486083895,0.540247023,0.536973774,0.698290169,0.619348109,0.722830415,0.711686254,0.668325424,0.71337831,0.692278028,0.718085945,0.748462558,0.713176966,0.686531544
330,866,375,648,405,446,510,453,566,645,600,851,461,450,453,225,453,210,465,56,453,510,405,386,348,240,566,210,540,371,495,483,0.616872311,0.599353492,0.485948086,0.539551377,0.536087811,0.697986782,0.61963743,0.723717749,0.712298274,0.668977141,0.714577854,0.690769494,0.72111392,0.74740684,0.711084664,0.688445568
330,866,375,648,405,446,510,453,566,645,600,851,461,450,453,225,453,210,465,56,453,510,405,386,348,240,566,210,540,371,495,483,0.616862476,0.599546969,0.48658222,0.541268885,0.535513401,0.698217571,0.619401693,0.725691438,0.713947117,0.669313967,0.714352489,0.691478312,0.722125649,0.746951878,0.712538183,0.688238263
330,866,375,648,401,450,510,453,566,645,600,851,461,450,453,225,453,210,465,56,453,510,405,386,348,240,566,210,540,371,495,483,0.617323935,0.598632276,0.48688513,0.540923417,0.535038471,0.697985828,0.619626164,0.73057586,0.718204975,0.674813449,0.715873241,0.691284835,0.723141491,0.745600879,0.712139189,0.685564041
330,866,375,648,401,450,510,453,566,645,600,851,461,450,453,225,453,210,465,56,453,510,405,386,348,240,566,210,540,371,495,483,0.620600343,0.597905219,0.48554334,0.546786129,0.534624755,0.698149025,0.615961611,0.734219849,0.721607745,0.674364567,0.719463825,0.692961335,0.731633723,0.744683683,0.712953091,0.690715671
330,866,375,648,401,450,510,453,566,645,600,851,461,450,453,225,453,210,465,56,450,513,405,386,348,240,566,210,540,371,495,483,0.620559156,0.596519291,0.485463589,0.546526492,0.533970773,0.698287427,0.617139757,0.735394299,0.723616958,0.670796931,0.721163571,0.689584076,0.731778741,0.744956195,0.712074161,0.689615548
330,866,375,648,401,450,510,453,566,645,600,851,461,450,453,225,453,210,465,56,450,513,405,386,348,240,566,210,540,371,495,483,0.620996058,0.596180618,0.485835373,0.543996632,0.536916971,0.698655784,0.617915213,0.73833847,0.726524472,0.665300548,0.719260335,0.690823138,0.734082222,0.744070411,0.71127671,0.688015819
330,866,375,648,401,450,510,453,566,645,600,851,461,450,453,225,453,210,465,56,450,513,405,386,348,240,566,210,540,371,495,483,0.619722784,0.597422659,0.484279156,0.544713736,0.538363099,0.697736382,0.615515411,0.738976598,0.727115512,0.664072514,0.718187511,0.688394427,0.733987749,0.744664371,0.710516989,0.68459332
330,866,375,648,401,450,510,453,566,645,600,851,461,450,453,225,453,210,465,56,450,513,405,393,348,240,566,210,540,371,495,483,0.618070424,0.595959961,0.487377524,0.543703139,0.537008345,0.697576344,0.617457449,0.736906588,0.725214124,0.668612719,0.716672957,0.68462193,0.732691586,0.746169925,0.712934256,0.680495977
333,870,375,648,401,450,510,453,566,645,600,851,461,450,453,225,453,210,461,60,450,513,405,393,348,240,566,210,540,371,495,483,0.618324697,0.593071163,0.489280015,0.549370587,0.537451148,0.697733223,0.615179479,0.734359205,0.723627567,0.664869666,0.7162081,0.683236957,0.732035577,0.747823894,0.713340104,0.681224227
330,866,375,648,401,450,510,453,566,645,600,851,461,450,453,225,453,210,465,56,450,513,405,393,348,240,566,210,540,371,495,483,0.620373726,0.591833174,0.484169722,0.547102988,0.536883175,0.698315203,0.615030587,0.738495708,0.727952778,0.667392969,0.712849557,0.680051923,0.733697176,0.746014655,0.712147057,0.680297196
333,870,375,648,401,450,510,453,566,645,600,851,461,450,453,225,453,210,465,56,450,513,405,393,348,240,566,210,540,371,495,483,0.617822111,0.591418326,0.484873444,0.545378983,0.536718369,0.697389305,0.614593923,0.737154901,0.725626647,0.663632214,0.711495399,0.679191291,0.733092964,0.746898234,0.714361489,0.680546463
333,870,375,648,401,450,510,453,566,645,600,851,461,450,453,225,453,210,465,56,450,513,405,393,348,240,566,210,540,371,495,483,0.616910219,0.594062924,0.483616889,0.549151838,0.539374173,0.696162879,0.612358451,0.736385345,0.725314617,0.662447751,0.708180964,0.679631233,0.73292917,0.74827683,0.714011371,0.678908825
333,870,375,648,401,450,510,453,566,645,600,851,461,450,453,225,453,210,465,56,450,513,405,393,348,240,566,210,540,371,495,483,0.613903344,0.594771862,0.482995808,0.552272975,0.539829969,0.69387871,0.609129071,0.734864116,0.72537601,0.658813715,0.705255747,0.678087533,0.733103573,0.750474095,0.712794602,0.680813849
333,870,375,648,401,450,510,453,566,645,600,851,461,450,453,225,453,210,465,56,450,513,405,393,348,240,566,210,540,371,495,483,0.613215744,0.591900051,0.486182094,0.54696393,0.537549794,0.696233928,0.613388002,0.735697925,0.72522527,0.660969019,0.709928393,0.680084884,0.732884586,0.747787833,0.714460611,0.679058909
330,866,375,648,401,450,510,453,566,645,600,851,461,450,453,225,453,210,465,56,450,513,405,393,348,240,566,210,540,371,495,483,0.608787775,0.594125867,0.485912472,0.547942936,0.535399258,0.697506428,0.612264633,0.735061288,0.723552585,0.662281096,0.710077941,0.682627797,0.730628252,0.743223727,0.713445783,0.678513348
330,866,375,648,401,450,510,453,566,645,600,851,461,450,453,225,453,210,465,56,450,513,405,393,348,240,566,210,540,371,495,483,0.608518422,0.595339179,0.484459996,0.547228992,0.533855975,0.695425093,0.61025995,0.736137509,0.724477828,0.663167238,0.705762029,0.679428875,0.73061049,0.739098012,0.714208722,0.678479612
330,866,375,648,401,450,510,453,566,645,600,851,461,450,453,225,453,210,461,60,450,513,405,393,348,240,566,210,540,371,495,483,0.605493248,0.593265712,0.485546172,0.545312047,0.532609463,0.695417464,0.610832036,0.731954038,0.721605718,0.666959465,0.70650357,0.679928184,0.729530096,0.743397236,0.718155384,0.677231371
330,866,375,648,401,450,510,453,566,645,600,851,461,450,453,225,453,210,461,60,450,513,405,393,348,240,566,210,540,371,495,483,0.606293678,0.594811082,0.484622151,0.545375466,0.531764448,0.69734937,0.60923028,0.730108023,0.720291734,0.66910392,0.705692232,0.6795941,0.727521956,0.743018448,0.719972312,0.67675823
330,866,375,648,401,450,510,453,566,645,600,851,461,450,453,225,453,210,461,60,450,513,405,386,348,240,566,210,540,371,495,483,0.602752626,0.597714901,0.483142644,0.545620918,0.531162798,0.697829187,0.607854068,0.728619099,0.719118834,0.671480477,0.708339393,0.67854327,0.723924041,0.738705635,0.723273098,0.678450465
330,866,375,648,401,450,510,453,566,645,600,851,461,450,453,225,453,210,461,60,450,513,405,393,348,240,566,210,540,371,495,483,0.604037941,0.597404599,0.485355377,0.54563874,0.531193137,0.69988817,0.610013664,0.730726242,0.720963597,0.671085477,0.711135149,0.679310143,0.726032734,0.738107681,0.72484231,0.681192219
330,866,375,648,401,450,510,453,566,645,600,851,461,450,453,225,453,210,461,60,450,513,405,393,348,240,566,210,540,371,495,483,0.601408958,0.596104801,0.485614389,0.548291802,0.531591475,0.700493157,0.609993994,0.730484545,0.720423937,0.672170877,0.715103924,0.680353642,0.726132095,0.73786217,0.724984229,0.68289578
330,866,375,648,401,450,510,453,566,645,600,851,461,450,453,225,453,210,465,56,450,513,405,393,348,240,566,210,540,371,495,483,0.608488262,0.594505548,0.481735408,0.5431512,0.530597746,0.700199068,0.607237995,0.72338295,0.712948799,0.673535407,0.716994107,0.68038553,0.727833629,0.739673913,0.724833965,0.683795691
330,866,375,648,401,450,510,453,566,645,600,851,461,450,453,225,453,210,465,56,450,513,405,393,348,240,566,210,540,371,495,483,0.609017432,0.593805969,0.478699714,0.542399049,0.531460226,0.699459612,0.604791045,0.720419347,0.709761739,0.675968766,0.71712631,0.684741259,0.727083862,0.741987169,0.724689066,0.680630207
330,866,375,648,401,450,510,453,566,645,600,851,461,450,453,225,453,210,465,56,450,513,405,386,348,240,566,210,540,371,495,483,0.606381416,0.593158543,0.4770886,0.542355478,0.530510366,0.69896394,0.605305254,0.718695283,0.708117843,0.681148469,0.71712935,0.68487525,0.72640878,0.743740559,0.72243911,0.680019677
330,866,375,648,401,450,510,453,566,645,600,851,461,450,453,225,461,210,465,56,450,513,405,386,348,240,566,210,540,371,495,483,0.605733693,0.599438787,0.475071579,0.542138994,0.529743791,0.697357714,0.604894698,0.710861802,0.7064569,0.681029797,0.717179835,0.685237825,0.723669469,0.746819556,0.726439893,0.676997364
330,866,375,648,401,450,510,453,566,645,600,851,461,450,453,225,461,210,465,56,450,513,405,386,348,240,566,210,540,371,495,483,0.605735481,0.596684873,0.47761929,0.54507035,0.530436933,0.697057068,0.607997835,0.708159626,0.710484982,0.679722548,0.716104627,0.685428381,0.724391282,0.748032629,0.723058403,0.67568934
330,866,375,648,405,446,510,453,566,645,600,851,461,450,453,225,461,210,465,56,450,513,405,393,348,240,566,210,540,371,495,483,0.603582978,0.599505126,0.473911166,0.545372784,0.531693757,0.694792807,0.603719115,0.705059052,0.712594509,0.681251645,0.713526726,0.685077071,0.721813142,0.746886551,0.721994162,0.667607784
330,866,375,648,405,446,510,453,566,645,600,851,461,450,453,225,461,210,465,56,450,513,405,386,348,240,566,210,540,371,495,483,0.606574714,0.597529829,0.473960817,0.54592669,0.528964698,0.693747938,0.603955328,0.706683397,0.712814331,0.680621624,0.713259101,0.684116304,0.721722901,0.745758712,0.720471799,0.670370519
330,866,375,648,405,446,510,453,566,645,600,851,461,450,461,225,461,210,465,56,450,513,405,386,348,240,566,210,540,371,495,483,0.606839716,0.597105324,0.473067909,0.54315573,0.524552584,0.695834219,0.607426822,0.706129789,0.715704918,0.680969536,0.716460943,0.686458349,0.721235812,0.745767653,0.719751537,0.67062211
330,866,375,648,405,446,510,453,566,645,600,851,461,450,461,225,461,210,465,56,450,513,405,386,348,240,566,210,540,371,495,483,0.60388571,0.596061647,0.472041607,0.542550564,0.525403857,0.695102036,0.606082201,0.711883307,0.719140112,0.686065674,0.71652782,0.685303867,0.719585001,0.751678288,0.72158128,0.668400049
330,866,375,648,405,446,510,453,566,645,600,851,461,450,461,225,461,210,465,56,450,513,405,393,348,240,566,210,540,371,495,483,0.603754699,0.596570313,0.470863104,0.542175531,0.525865853,0.695592642,0.606638134,0.712632298,0.719880402,0.686774015,0.716609359,0.685136437,0.719758391,0.751793921,0.72250253,0.672105432
330,866,375,648,405,446,510,453,566,645,600,851,461,450,461,225,461,210,465,56,450,513,405,386,348,240,566,210,540,371,495,483,0.604800761,0.594985008,0.470944613,0.542570174,0.527761281,0.695168078,0.605701804,0.714891255,0.721277118,0.685124934,0.718291998,0.685393631,0.719050944,0.752175391,0.724337816,0.67166537
330,866,375,648,405,446,510,453,566,645,600,851,461,450,461,225,461,210,465,56,450,513,405,386,348,240,566,210,540,371,495,483,0.60471338,0.594652295,0.471500695,0.543193102,0.527648747,0.694577157,0.605196357,0.713369548,0.720630527,0.683904469,0.719879091,0.684728742,0.720872223,0.753237069,0.725176632,0.67390126
330,866,375,648,405,446,510,453,566,645,600,851,461,450,461,225,461,210,465,56,450,513,405,386,348,240,566,210,540,371,495,483,0.60561341,0.595088124,0.470746696,0.54276675,0.526884198,0.694899023,0.60504961,0.711710572,0.718445361,0.684228301,0.719026566,0.686222136,0.720161736,0.754103243,0.725114286,0.673339725
330,866,375,648,405,446,510,453,566,645,600,851,461,450,461,225,461,210,465,56,450,513,405,386,348,240,566,210,540,371,495,483,0.602389336,0.59525919,0.472206831,0.543034017,0.527785182,0.69545722,0.605916917,0.712340713,0.716875911,0.681799114,0.719403923,0.687170744,0.719937623,0.753211856,0.725873888,0.674391389
330,866,375,648,405,446,510,453,566,645,600,851,461,450,461,225,461,210,465,56,450,513,405,386,348,240,566,210,540,371,495,483,0.601709664,0.596812904,0.471901894,0.542611003,0.529789865,0.69684881,0.605841458,0.713070273,0.717519403,0.682942986,0.719101667,0.688042879,0.719088137,0.753083408,0.726526439,0.674232543
330,866,375,648,405,446,510,453,566,645,600,851,461,450,461,225,461,210,465,56,450,513,405,386,348,240,566,210,540,371,495,483,0.600527585,0.595796764,0.472213477,0.541268051,0.531807363,0.695944667,0.604644597,0.70668757,0.713301182,0.684404075,0.717505693,0.688642085,0.725356758,0.752044857,0.725049257,0.672468424
330,866,375,648,405,446,510,453,566,645,600,851,461,450,461,225,461,210,465,56,450,513,405,386,348,240,566,210,540,371,495,483,0.605350971,0.593552291,0.470490038,0.542836487,0.530753255,0.694307745,0.603385091,0.710074425,0.71573627,0.681982934,0.717933118,0.687179267,0.718567014,0.750131488,0.723424494,0.674087763
330,866,375,648,405,446,510,453,566,645,600,851,461,450,461,225,461,210,465,56,450,513,405,386,348,240,566,210,540,371,495,483,0.607995689,0.593451321,0.470705777,0.544027865,0.529793084,0.694055378,0.602777123,0.712560356,0.716114819,0.681009591,0.719439864,0.687447309,0.71650058,0.750747561,0.72361505,0.677257061
330,866,375,648,405,446,510,453,566,645,600,851,461,450,461,225,461,210,465,56,450,513,405,386,348,240,566,210,540,371,495,483,0.609096587,0.593464971,0.471528232,0.544947922,0.530501127,0.693616211,0.602262914,0.712292671,0.716017842,0.68039012,0.719339013,0.687501729,0.71732831,0.750699341,0.723541439,0.67736274
330,866,375,648,405,446,510,453,566,645,600,851,461,450,461,225,461,210,465,56,450,513,405,386,348,240,566,210,540,371,495,483,0.608902454,0.592548192,0.472087115,0.545537174,0.530093312,0.69352442,0.60182786,0.708229542,0.713038683,0.684126377,0.718969643,0.686941504,0.721403897,0.750880241,0.723996282,0.677493572
330,866,375,648,405,446,510,453,566,645,600,851,461,450,461,225,461,210,465,56,450,513,405,386,348,240,566,210,540,371,495,483,0.602021515,0.594152868,0.470409542,0.545680761,0.53080368,0.693654478,0.600409091,0.706561804,0.711185575,0.680873692,0.718953848,0.68608433,0.722950518,0.751815975,0.723616123,0.678394675
330,866,375,648,405,446,510,453,566,645,600,851,461,450,461,225,461,210,465,56,450,513,405,386,348,240,566,210,540,371,495,483,0.609205365,0.593506396,0.471305162,0.545332551,0.530507207,0.693528235,0.601167142,0.707846761,0.711573601,0.678766489,0.718836069,0.685068309,0.723701656,0.754004776,0.724209368,0.676744342
330,866,375,648,405,446,510,453,566,645,600,851,461,450,461,225,461,210,465,56,450,513,405,386,348,240,566,210,540,371,495,483,0.609003127,0.594218016,0.471267402,0.545015156,0.530116975,0.693888009,0.601145506,0.709875941,0.712546349,0.675700068,0.718807518,0.685449898,0.723437667,0.755203784,0.724741518,0.675900042
330,866,375,648,405,446,510,453,566,645,600,851,461,450,461,225,461,210,465,56,450,513,405,386,348,240,566,210,540,371,495,483,0.609936118,0.595178008,0.471320122,0.545139194,0.530278385,0.69302994,0.600716949,0.711202145,0.713264287,0.675014913,0.718033671,0.684735417,0.724511206,0.757031977,0.725069046,0.6747756
330,866,375,648,405,446,510,453,566,645,600,851,461,450,461,225,461,210,465,56,450,513,405,386,348,240,566,210,540,371,495,483,0.610385716,0.588799179,0.472280711,0.54636246,0.531231284,0.693435133,0.60169965,0.711163998,0.713165581,0.677425683,0.718163848,0.684268892,0.724387348,0.756532848,0.724870205,0.676401079
330,866,375,648,405,446,510,453,566,645,600,851,461,450,461,225,461,210,465,56,450,513,405,386,348,240,566,210,540,371,495,483,0.60866195,0.590414226,0.471559703,0.546174884,0.531632125,0.692523718,0.601868451,0.710805416,0.713100195,0.676604748,0.717391133,0.684988379,0.723975956,0.756100059,0.724398196,0.676525593
330,866,375,648,405,446,513,450,566,645,600,851,461,450,461,225,461,210,465,56,450,513,405,386,348,240,566,210,540,371,495,483,0.608259141,0.593882978,0.471000373,0.545064449,0.531918585,0.691956818,0.602768838,0.710328996,0.712957025,0.675938487,0.716504514,0.684474707,0.724167883,0.755501628,0.724590659,0.675768256
330,866,375,648,405,446,510,453,566,645,600,851,461,450,461,225,461,210,465,56,450,513,405,386,348,240,566,210,540,371,495,483,0.611342192,0.589800596,0.472671211,0.546579778,0.534145653,0.692301929,0.603246152,0.710372329,0.713611424,0.676526606,0.719436347,0.68304199,0.723694324,0.755024254,0.723982036,0.67633605
330,866,375,648,405,446,513,450,566,645,600,851,461,450,461,225,461,210,465,56,450,513,405,386,348,240,566,210,540,371,495,483,0.600841165,0.594629169,0.469815284,0.552121341,0.531760335,0.691381633,0.597558737,0.708362341,0.709868312,0.668845832,0.721017838,0.68778801,0.722386539,0.754533768,0.718337774,0.672902346
330,866,375,648,405,446,510,453,566,645,600,851,461,450,453,225,453,210,465,56,450,513,405,393,348,240,566,210,540,371,495,483,0.597893119,0.596510768,0.46874693,0.554851353,0.531231344,0.692080557,0.591957033,0.719095826,0.711845756,0.666225672,0.721020699,0.685171902,0.723894238,0.748832464,0.719099879,0.678631365
330,866,375,648,401,450,510,453,566,645,600,851,461,450,453,225,453,210,465,56,450,513,405,393,348,240,566,210,540,371,495,483,0.595870256,0.595603466,0.47038731,0.555510819,0.530892849,0.692834973,0.602153599,0.715231359,0.70934552,0.662242651,0.703498721,0.679899752,0.724000752,0.748062551,0.717898786,0.668082893
330,866,375,648,401,450,510,453,570,648,600,851,461,450,453,225,453,210,465,56,450,513,405,393,348,240,566,210,540,371,495,483,0.593163729,0.600399196,0.474909425,0.55928129,0.530364454,0.69290632,0.595052421,0.743416548,0.73069346,0.666171789,0.710445225,0.682934046,0.731334507,0.738485157,0.724378288,0.649744093
330,866,375,648,401,450,510,453,566,645,600,851,461,450,453,225,453,210,465,56,450,513,405,393,348,240,566,210,540,371,495,483,0.607496798,0.61322099,0.486537039,0.56497848,0.52689594,0.690820873,0.595866919,0.747671664,0.734476328,0.673161328,0.714737892,0.686664462,0.72712028,0.743066132,0.72870326,0.623882174
333,870,375,648,401,450,510,453,566,645,600,851,461,450,453,225,453,210,465,56,450,513,405,393,348,240,566,210,540,371,495,483,0.631452501,0.607064486,0.472284913,0.567513645,0.523417056,0.689172924,0.587791324,0.742616177,0.730097711,0.669669271,0.686331332,0.661093891,0.728972793,0.747011721,0.717919767,0.576134324
333,870,375,648,401,450,510,453,566,645,600,851,453,450,453,225,453,210,465,56,450,513,405,393,345,236,566,210,540,371,491,480,0.629114926,0.606710374,0.460816085,0.582744002,0.528057992,0.688156843,0.561093986,0.747053564,0.736381173,0.676572323,0.679532707,0.619075835,0.732502997,0.744109929,0.704990387,0.549809754
333,870,375,648,401,450,510,446,566,645,600,851,453,450,453,225,453,210,461,60,438,510,393,390,345,236,566,210,540,371,480,483,0.60333544,0.605569959,0.459241837,0.565936685,0.521495938,0.686307788,0.564464629,0.746601105,0.743397236,0.66753006,0.653588116,0.613980711,0.723555028,0.728830636,0.699149907,0.605169654
333,870,375,648,401,450,510,446,566,645,600,851,453,450,453,225,453,210,461,60,435,513,390,393,345,236,566,210,540,371,480,483,0.611045063,0.598879635,0.466033965,0.561999857,0.50899601,0.687388599,0.591259539,0.775606394,0.762907445,0.653105319,0.671797037,0.654889286,0.731126428,0.717206717,0.670032561,0.634314775
333,870,375,656,401,450,510,453,570,656,600,851,453,450,453,225,453,210,461,60,435,513,390,393,345,236,566,210,540,371,480,483,0.621812642,0.598455012,0.468380034,0.54810375,0.538953602,0.685707569,0.603020966,0.796714664,0.787034333,0.674948096,0.688363671,0.636699617,0.727667749,0.666734815,0.636120737,0.64231503
333,870,375,648,401,465,510,453,570,656,600,851,450,461,453,225,453,210,461,60,423,510,386,390,345,236,566,210,528,375,465,491,0.640847027,0.609045327,0.483957589,0.500323951,0.517465055,0.684161484,0.595254183,0.812728047,0.796917737,0.697081506,0.661248088,0.615917087,0.721366227,0.659442723,0.632643342,0.669696629
333,870,375,656,393,465,510,453,558,648,600,851,450,461,450,228,450,213,461,60,416,510,375,386,345,236,566,225,528,375,465,491,0.648087621,0.598620296,0.505426347,0.485541463,0.509796441,0.679454029,0.589265108,0.829522252,0.810581982,0.688931108,0.682266116,0.634477198,0.679039776,0.627903402,0.681527853,0.689626217
333,870,375,648,401,450,510,453,555,648,600,851,453,450,450,228,450,213,461,60,408,510,375,386,345,236,558,225,525,378,450,491,0.606701553,0.597102404,0.539332271,0.519783854,0.518283904,0.6797086,0.61511308,0.838973761,0.839446425,0.692063034,0.750883281,0.674457431,0.667117655,0.667934299,0.708647192,0.630363464
341,855,363,656,401,450,510,453,555,648,600,851,453,450,450,228,450,213,461,60,393,510,363,390,345,236,558,225,521,375,450,483,0.632030845,0.541718841,0.529396772,0.522715271,0.551712751,0.680174589,0.617949069,0.827964306,0.832940221,0.690506816,0.719494522,0.610249341,0.653398991,0.700461984,0.697035789,0.695520461
341,855,371,660,401,450,510,453,555,656,600,851,450,453,450,228,450,213,461,60,390,506,360,386,345,228,558,225,513,375,435,491,0.614004433,0.583555102,0.47580567,0.499660641,0.577969134,0.689846575,0.575508893,0.825387716,0.840738297,0.720091879,0.748855889,0.68660903,0.66553396,0.73754257,0.646919906,0.66561985
345,858,371,660,401,465,510,453,555,656,600,851,450,461,450,228,450,213,461,60,375,498,360,386,345,228,555,228,510,378,435,483,0.662383974,0.589960396,0.46954304,0.506365657,0.603599846,0.686775148,0.568433344,0.822273016,0.832711697,0.716213107,0.674254894,0.671051621,0.69260025,0.751403153,0.715190411,0.701697111
345,866,375,663,401,465,510,461,555,663,600,851,453,465,446,225,450,213,461,60,360,506,345,378,341,225,555,228,498,375,420,483,0.601729631,0.589198291,0.427048624,0.533850014,0.61298728,0.688373983,0.592747986,0.783887744,0.760949016,0.716256618,0.743366838,0.644641399,0.71211189,0.715905964,0.660460055,0.815125227
345,866,375,663,401,465,510,461,555,663,600,851,453,465,446,225,450,213,461,60,360,506,345,378,341,225,555,228,498,375,420,483,0.609504759,0.58396697,0.42815274,0.539403439,0.612896383,0.689349413,0.599720895,0.780614018,0.748893976,0.711374938,0.755157053,0.648938835,0.708580494,0.722668588,0.660048187,0.812075734
345,866,363,675,408,480,510,468,555,671,600,851,450,476,438,225,438,210,453,60,330,498,330,363,341,225,543,240,480,386,393,480,0.629555702,0.611296594,0.416722894,0.552969217,0.625563085,0.687544584,0.556160808,0.682788968,0.670405626,0.681867898,0.711069822,0.653664112,0.691081583,0.686279297,0.688535333,0.813557744
345,866,363,675,405,476,510,468,555,663,600,851,450,468,435,228,435,213,453,60,315,498,330,363,341,225,540,236,468,386,386,480,0.620804608,0.573913217,0.502594709,0.580248594,0.614907563,0.683121622,0.583773315,0.692974687,0.691785932,0.691096187,0.759943426,0.776454449,0.702560365,0.741806269,0.622728705,0.66563493
345,866,371,663,405,468,510,468,555,671,600,851,450,468,435,236,435,213,453,60,300,483,326,360,341,225,536,240,465,378,363,476,0.629249513,0.555007219,0.539888501,0.552995622,0.546835005,0.68680203,0.624730408,0.716625392,0.77446878,0.735193551,0.678642809,0.672385633,0.709081352,0.71682626,0.713072121,0.527629972
345,866,363,671,393,465,510,468,551,671,600,851,450,468,435,236,435,213,450,63,288,480,315,356,341,225,528,240,453,375,333,480,0.624262631,0.564426124,0.495563895,0.536796451,0.540498435,0.690204918,0.627381563,0.729516029,0.8068766,0.770815969,0.736385763,0.748795092,0.689530551,0.658518374,0.641544104,0.481601298
345,866,363,671,390,468,510,476,551,675,600,851,450,476,435,236,435,213,450,63,270,476,315,356,341,225,525,243,450,371,345,453,0.640386641,0.574293256,0.485620141,0.491063863,0.555811942,0.692246854,0.586227834,0.718964458,0.824292898,0.778920829,0.699026942,0.743553936,0.69933486,0.72495687,0.560784876,0.489744633
345,866,363,675,390,468,510,468,540,671,600,851,450,468,435,236,435,213,446,60,258,465,315,348,345,221,525,251,431,375,311,465,0.659256756,0.58160162,0.50886482,0.498630792,0.579054058,0.70123601,0.59424448,0.759384632,0.829078019,0.76822114,0.715215325,0.705254316,0.723256528,0.659015119,0.491701841,0.562079668
345,866,363,675,393,465,506,480,540,671,600,851,450,476,435,236,435,213,446,60,240,461,303,345,345,213,521,255,416,375,300,446,0.666162312,0.575797796,0.522841811,0.512469471,0.629535079,0.700508535,0.600067258,0.741663337,0.811428547,0.694791853,0.684865832,0.732117772,0.70825094,0.616601169,0.58755964,0.695092738
345,866,363,671,393,465,495,476,540,671,600,851,450,468,431,240,431,210,438,60,225,446,300,341,345,213,510,251,405,371,288,435,0.64835912,0.575291336,0.545885265,0.511960149,0.615043044,0.69398582,0.652032971,0.695054173,0.775041223,0.70825392,0.686440468,0.793640316,0.745535254,0.675072968,0.643884957,0.731264114
345,866,363,671,393,465,498,465,540,671,600,851,450,468,431,240,431,210,438,60,221,435,300,341,345,213,510,251,386,375,266,435,0.647856832,0.579210043,0.529250741,0.514235675,0.609992504,0.692457616,0.643660486,0.690817237,0.788946569,0.738228381,0.641874135,0.742120028,0.748988986,0.665541589,0.376058131,0.707216859
345,866,363,671,393,465,498,465,540,671,600,851,450,468,423,240,431,210,438,60,210,416,300,333,348,210,498,255,375,363,251,420,0.660619557,0.572044969,0.514191091,0.514653623,0.644434273,0.694562197,0.63926512,0.683173299,0.710122406,0.742770076,0.699267447,0.76413995,0.730370343,0.62163353,0.519670308,0.607587576
345,866,360,671,401,465,506,465,540,671,600,851,450,461,420,236,420,213,435,63,198,405,296,330,356,210,495,251,360,356,240,408,0.6743626,0.584624767,0.51595813,0.520659089,0.63415426,0.701083958,0.624010801,0.682654679,0.676242471,0.708541632,0.707182705,0.781282306,0.709618866,0.658961356,0.582199514,0.195647508
345,866,360,671,401,465,506,465,536,675,600,851,450,468,420,236,420,213,438,60,191,390,288,330,356,210,491,255,356,345,225,401,0.681124926,0.622323215,0.517715275,0.485432118,0.633191288,0.705833256,0.59775871,0.699372768,0.789746642,0.741949856,0.69784224,0.648614585,0.72260052,0.618470252,0.64764148,0.508814633
345,866,360,671,401,465,498,465,536,675,600,851,450,468,420,236,420,213,435,63,191,375,288,315,356,210,483,255,345,341,210,386,0.674850166,0.610827506,0.507600605,0.50552845,0.597609103,0.699863017,0.610505104,0.729131579,0.760850132,0.675016642,0.596034348,0.708627045,0.727848828,0.671022117,0.625272155,0.302258968
345,866,363,675,405,468,506,465,536,675,600,851,450,468,420,228,420,213,431,60,180,363,288,315,360,206,483,255,333,330,198,375,0.700057805,0.59284693,0.548780978,0.48373419,0.590811789,0.706645608,0.620374143,0.68558526,0.769154429,0.691568673,0.586600542,0.658090711,0.725047886,0.692506552,0.657239914,0.529123664
345,866,363,675,405,468,498,465,528,675,600,851,450,468,420,236,420,213,431,60,183,345,288,315,360,213,480,251,330,326,195,356,0.706905544,0.579471707,0.559574842,0.508166552,0.580818832,0.704045594,0.625792205,0.673370004,0.763772011,0.691780806,0.503895402,0.575224936,0.67917484,0.67146194,0.573226452,0.559749961
345,866,363,675,405,468,498,465,528,675,600,851,450,468,420,236,420,213,431,60,183,345,288,315,360,213,480,251,330,326,195,356,0.715215921,0.563911498,0.556768775,0.514216363,0.584105074,0.701581419,0.629933417,0.684108198,0.75933826,0.689185262,0.490281761,0.574414015,0.661934495,0.669055164,0.570419312,0.554910302
341,870,360,671,405,468,495,468,525,678,600,851,450,468,420,236,420,213,420,63,341,228,300,296,375,221,453,255,296,315,165,326,0.67835921,0.635138094,0.563282847,0.522296131,0.635499001,0.691793144,0.61211127,0.516171873,0.635555148,0.666994154,0.322132111,0.284814447,0.322475523,0.521170139,0.558442593,0.635552585
341,870,360,671,405,468,495,468,525,678,600,851,450,468,420,243,420,213,420,63,165,303,296,285,405,243,450,251,288,300,153,315,0.671290696,0.641536891,0.564735532,0.530101538,0.660112619,0.688233495,0.624759436,0.462901682,0.576034665,0.62364167,0.416984737,0.31543386,0.210606694,0.496845126,0.640525341,0.587716758
345,866,360,671,405,468,495,468,525,678,600,851,450,468,405,228,408,210,420,63,165,288,285,281,363,210,450,251,285,296,153,300,0.686990499,0.649438262,0.571412921,0.546562612,0.648432434,0.691331685,0.638628662,0.602814674,0.670371294,0.676184297,0.613194168,0.483274966,0.601856291,0.490396321,0.573813498,0.619124115
345,866,360,671,405,468,495,468,525,678,600,851,450,468,408,240,405,213,416,60,150,273,285,273,371,210,438,255,281,285,150,273,0.689542055,0.660434365,0.555869758,0.535084188,0.658879399,0.683392823,0.619063675,0.530387402,0.589909554,0.651234329,0.601091921,0.432219028,0.395716459,0.451225102,0.637268662,0.625559211
345,866,360,671,405,468,495,468,525,678,600,851,450,468,420,243,420,213,405,63,150,258,281,270,401,251,446,243,281,285,150,266,0.685548007,0.656054795,0.52487421,0.520387709,0.650266469,0.685366333,0.59986037,0.506235778,0.589454889,0.642066181,0.606115282,0.325185359,0.264860123,0.418753415,0.542683959,0.601892233
341,870,360,671,401,465,495,468,525,678,600,851,450,468,408,240,405,213,405,63,150,243,273,255,378,210,435,251,270,273,150,251,0.684978902,0.649922907,0.561747968,0.548496604,0.642892182,0.682820141,0.625443578,0.512129307,0.596974492,0.668498278,0.576663733,0.321602881,0.308774173,0.456426561,0.601617575,0.706232786
341,870,360,671,401,465,495,468,525,678,600,851,450,468,408,240,405,213,401,60,146,225,273,255,390,236,420,243,266,270,150,236,0.685824871,0.637537122,0.546878994,0.525687695,0.628668845,0.675280988,0.611348987,0.530363321,0.581927955,0.611625373,0.674574137,0.386891156,0.266815096,0.477680653,0.594393373,0.738296151
341,870,360,671,401,465,495,476,525,686,600,851,450,468,408,240,405,213,393,60,150,221,285,236,401,240,420,243,270,258,153,225,0.695634782,0.629043341,0.535476804,0.494664282,0.615040362,0.669820309,0.576416433,0.553710222,0.611975074,0.600596786,0.659429073,0.386794984,0.322284847,0.494876802,0.548703671,0.705157876
345,866,363,675,401,465,495,476,525,686,600,851,450,468,416,240,408,210,393,60,161,210,281,225,408,225,420,243,266,255,153,210,0.709756851,0.592942297,0.542441487,0.496183842,0.62871331,0.662714303,0.585184753,0.550446868,0.653971732,0.653148293,0.672587276,0.454849064,0.285054415,0.501051128,0.577120125,0.720972419
345,866,360,671,401,465,495,476,525,686,600,851,450,468,416,240,408,210,390,63,161,195,270,228,423,240,405,243,258,255,161,195,0.711169124,0.601769149,0.532520175,0.473338455,0.598577678,0.661443055,0.581294,0.583793819,0.651840806,0.665180862,0.690025806,0.327505887,0.366409808,0.485734642,0.536401093,0.713198781
345,866,363,675,401,465,495,476,525,686,600,851,450,468,408,240,405,213,390,63,168,180,281,225,416,225,405,251,258,255,153,180,0.713799417,0.616436779,0.52300036,0.484377831,0.599465728,0.665846646,0.573570192,0.599563003,0.665392458,0.645148635,0.6021474,0.301574469,0.313683271,0.505875111,0.514829934,0.690544009
345,866,363,675,401,465,483,480,525,686,600,851,450,468,405,236,405,213,386,60,180,168,273,228,416,225,405,243,255,243,165,168,0.711039066,0.611500621,0.519597471,0.459362715,0.593525827,0.659437597,0.569514573,0.598143697,0.666631281,0.607923508,0.509289801,0.180609554,0.289464116,0.460923135,0.56087029,0.647187233
345,866,360,671,401,465,483,480,525,686,596,855,450,476,405,236,405,213,375,63,180,161,273,228,420,221,393,255,258,240,165,161,0.698067844,0.629579484,0.477929533,0.484146565,0.59314537,0.657966256,0.537341535,0.620691657,0.653647542,0.599392891,0.537318587,0.222675741,0.330991894,0.435009092,0.560408711,0.677800059
341,870,360,671,393,465,480,476,513,678,596,855,435,476,405,236,405,213,375,63,191,150,288,240,431,225,393,240,255,236,165,146,0.682067811,0.631740749,0.491620064,0.49748078,0.584162772,0.641931951,0.526684105,0.615129948,0.706585467,0.592956245,0.434620023,0.146795273,0.374986857,0.534549773,0.587582946,0.722287178
345,866,360,671,390,476,480,476,510,678,600,851,438,480,405,236,405,213,371,60,195,138,296,240,423,225,393,240,255,228,168,135,0.674021006,0.637796819,0.481776774,0.492792934,0.589352131,0.65013212,0.533441365,0.62192142,0.711518645,0.575223923,0.353509068,0.130368829,0.372799307,0.528762519,0.612210929,0.78879559
345,866,360,671,390,468,480,476,510,678,596,855,435,476,405,236,405,213,371,60,195,138,296,240,423,225,393,240,255,228,168,135,0.66771692,0.638740242,0.494912475,0.490020186,0.598110914,0.640635669,0.529030979,0.623241544,0.711892188,0.574170411,0.349017024,0.138490066,0.375409216,0.527023852,0.605853379,0.790231407
341,870,360,671,390,468,480,468,510,678,600,858,435,468,405,236,405,213,363,60,-1,-1,270,228,431,225,386,240,243,210,180,108,0.669258535,0.587626457,0.519475102,0.491033107,0.638165772,0.636382818,0.563651621,0.592367768,0.683837771,0.5818941,0,0.120140582,0.379938453,0.511806726,0.502530277,0.693026066
341,870,360,663,390,468,480,468,510,678,600,858,438,465,405,236,401,210,360,63,-1,-1,281,240,423,225,378,240,251,210,180,101,0.650858402,0.57284534,0.527094841,0.499164313,0.639578342,0.604043424,0.574070692,0.566585302,0.639271498,0.584095001,0,0.084858164,0.3503277,0.500258684,0.569472671,0.746239245
341,870,360,663,390,468,480,468,510,678,600,851,435,468,405,236,393,210,360,63,-1,-1,273,225,420,213,375,243,243,195,191,90,0.682103097,0.579783916,0.531351805,0.510181725,0.636227667,0.646576047,0.582947016,0.533855319,0.609755933,0.582772195,0,0.055781379,0.372174174,0.524056017,0.559678614,0.708089948
341,870,360,671,390,468,480,468,510,678,600,858,438,465,401,240,393,225,360,71,240,86,-1,-1,420,221,375,243,255,206,198,90,0.682204723,0.587284327,0.522667825,0.522884607,0.639615357,0.647261083,0.587921083,0.558523238,0.609848022,0.555964947,0.172337726,0,0.365499526,0.493366718,0.5791381,0.679280043
341,870,360,671,390,468,480,468,510,678,600,851,435,468,401,240,390,221,360,63,251,75,-1,-1,420,221,378,255,251,195,210,78,0.673259318,0.601373971,0.511388898,0.520348907,0.636447549,0.653899431,0.58897239,0.572198629,0.616863847,0.531242669,0.149465725,0,0.363468409,0.505224884,0.588424981,0.674268067
345,866,360,671,390,476,480,468,510,678,600,851,435,468,393,240,390,221,360,71,258,75,-1,-1,420,221,375,251,243,180,213,75,0.676263034,0.647869945,0.506054521,0.527186811,0.630925894,0.65625447,0.579861104,0.583345771,0.629538417,0.542668343,0.268628418,0,0.336872786,0.502197683,0.677018583,0.664342999
345,866,360,671,390,476,480,468,510,686,600,851,435,468,393,240,390,221,360,71,273,75,-1,-1,416,225,378,255,243,180,225,71,0.670647383,0.649815381,0.522899747,0.521338999,0.61669147,0.655964792,0.571369946,0.596339345,0.673707068,0.526581466,0.275015295,0,0.336610883,0.484309256,0.560299098,0.706032753
341,870,360,671,390,476,480,468,510,678,600,851,435,468,393,240,390,221,348,75,285,78,-1,-1,416,225,375,251,255,191,225,71,0.673661113,0.648578823,0.528797388,0.509271622,0.630764663,0.651305616,0.563327134,0.594304919,0.68023783,0.528324544,0.284736037,0,0.334049374,0.497238398,0.558283329,0.616040707
341,870,360,671,390,476,480,476,510,678,600,851,435,476,393,240,390,221,348,75,296,90,-1,-1,420,221,375,251,251,180,240,71,0.670570791,0.612865865,0.522929907,0.491328627,0.582398951,0.645493805,0.560198247,0.55378449,0.665184855,0.533767521,0.225049168,0,0.301408112,0.478008151,0.579710722,0.712293148
341,870,360,671,390,476,480,476,510,678,600,858,435,476,393,240,390,221,348,75,303,90,-1,-1,420,221,375,243,251,180,240,71,0.637468934,0.54804033,0.495994568,0.486196488,0.542848647,0.611747801,0.543589294,0.55161798,0.662928879,0.555372953,0.117182821,0,0.30695504,0.484268546,0.642907321,0.679915309
341,870,360,671,390,476,480,476,513,678,600,851,435,476,393,240,393,225,345,71,300,86,243,180,420,213,375,251,251,180,240,71,0.653803229,0.568235695,0.501055896,0.482426643,0.519124806,0.614423215,0.539296269,0.56259048,0.667340815,0.583045602,0.098669797,0.056037005,0.342328876,0.49696058,0.645882964,0.616583645
341,870,360,671,390,476,483,480,521,675,600,851,435,476,405,236,390,221,341,75,303,90,-1,-1,420,213,375,251,251,180,251,75,0.606703043,0.487868547,0.489598751,0.467440486,0.483382434,0.56487155,0.526134133,0.556244135,0.621593714,0.598469615,0.176075086,0,0.353875875,0.497339547,0.65793556,0.615009964
596,858,525,678,393,465,480,468,363,675,600,858,438,465,405,236,393,225,341,75,311,90,-1,-1,420,213,375,251,255,183,251,75,0.430044502,0.309863299,0.474252611,0.428935498,0.188767031,0.157193914,0.528674126,0.543823838,0.602921724,0.598667681,0.070246249,0,0.340061307,0.487490922,0.62364769,0.65927732
341,870,360,671,393,465,491,465,525,678,600,851,446,465,401,240,393,225,341,75,273,75,255,191,416,225,378,255,255,191,240,78,0.645329177,0.567856967,0.551175416,0.451769203,0.56749624,0.62685591,0.546979785,0.561348319,0.615780115,0.592896879,0.110877305,0.067474581,0.255424708,0.449080199,0.647736609,0.640733421
341,870,360,671,401,465,495,468,525,671,600,851,450,461,405,236,405,213,341,75,296,90,-1,-1,416,225,390,243,258,210,240,86,0.555331409,0.404921919,0.465173721,0.467970103,0.251423836,0.331307173,0.580231428,0.578885794,0.6268543,0.60867691,0.071889713,0,0.297790796,0.444197476,0.596211016,0.715445161
341,870,360,671,393,465,495,468,528,675,596,855,450,461,405,236,405,213,341,75,281,90,255,206,416,225,390,243,258,210,240,86,0.600268781,0.512271285,0.488169581,0.475125581,0.372760594,0.563347995,0.594372571,0.580840945,0.60642755,0.607545853,0.071559832,0.050633561,0.294593602,0.440306544,0.600417316,0.714010835
333,870,360,671,401,450,495,461,540,678,600,851,450,461,405,236,401,210,341,75,266,120,300,251,401,225,408,251,270,236,225,116,0.598678768,0.563369334,0.528157234,0.510523319,0.574960887,0.648432732,0.56593585,0.540552139,0.628465056,0.582070768,0.141086906,0.08491201,0.217273489,0.384076595,0.484698623,0.70056963
333,870,371,675,401,450,498,465,543,675,600,851,450,461,401,240,401,210,348,75,225,131,273,243,393,225,386,240,266,240,225,138,0.611633658,0.581275761,0.554486394,0.497469932,0.543922722,0.668107331,0.568295956,0.516415179,0.556479275,0.607238531,0.347854167,0.297208399,0.215844616,0.343648165,0.200452566,0.276151568
341,870,375,671,405,453,510,468,555,671,600,851,465,461,416,240,416,210,345,78,-1,-1,198,135,461,240,450,236,206,135,513,45,0.638687432,0.611756802,0.55533123,0.518209934,0.555787265,0.67510134,0.547539294,0.342151195,0.410308093,0.398805618,0,0.231792271,0.099586748,0.272456259,0.324709326,0.234087884
330,866,375,671,408,450,510,461,558,675,600,851,465,453,416,225,408,210,345,78,225,191,303,270,408,225,423,240,285,258,210,183,0.603212237,0.613943875,0.512228668,0.461554796,0.519631743,0.646335006,0.508960843,0.519787908,0.635931492,0.548622727,0.189182162,0.176767364,0.330472142,0.478151619,0.560707986,0.703172088
330,866,390,671,416,465,510,476,570,678,600,851,465,468,420,228,420,213,333,90,225,221,303,270,408,225,435,236,288,270,198,210,0.642178774,0.607738316,0.498706907,0.467264205,0.610398173,0.678536355,0.583539963,0.529745579,0.575254321,0.591648757,0.416202575,0.177405685,0.274399757,0.451717705,0.610583484,0.661831617
330,858,390,663,420,453,525,468,570,671,600,851,465,461,420,221,420,213,345,78,228,225,318,225,393,210,450,228,315,288,206,255,0.614011228,0.637089431,0.49203068,0.513017595,0.578812182,0.671014965,0.567993939,0.595736265,0.614418149,0.540100217,0.642849207,0.500393987,0.399176449,0.479245633,0.698479831,0.596675992
330,858,405,663,420,461,528,465,581,675,600,851,476,465,423,225,420,213,345,78,221,285,318,326,375,221,461,225,330,303,210,288,0.628438175,0.625893414,0.501171649,0.5235551,0.539703786,0.68367368,0.571827233,0.463447034,0.563713789,0.539171636,0.471003473,0.193799078,0.265980512,0.441334784,0.454110414,0.667471349
330,858,405,671,431,465,536,465,585,671,600,851,480,461,423,225,420,213,345,78,236,330,333,330,363,225,468,225,348,315,221,330,0.615766525,0.630319297,0.516403496,0.518731534,0.573538959,0.677051067,0.637554884,0.535217166,0.602150559,0.561772346,0.397796929,0.201695234,0.299663872,0.488706827,0.423480809,0.657379746
330,858,416,660,435,468,551,465,596,675,600,851,495,468,416,225,408,225,345,78,266,375,363,330,345,243,491,210,378,330,251,375,0.61659807,0.634468496,0.542651892,0.541755974,0.608428657,0.693639994,0.62946099,0.671443224,0.665864825,0.612523913,0.077659994,0.188612103,0.54420346,0.607967556,0.244705245,0.699848294
330,851,420,663,450,468,555,461,600,671,600,851,498,465,420,228,416,225,345,78,-1,-1,371,345,333,255,495,206,416,330,288,405,0.635956228,0.675972462,0.530577719,0.61872381,0.616246402,0.693372846,0.595391035,0.675529838,0.668088496,0.624909997,0,0.145025164,0.591047645,0.6253075,0.349982381,0.771526694
330,843,431,660,450,468,566,465,600,671,600,851,510,468,420,228,416,225,345,78,330,423,375,356,330,258,498,195,450,333,330,423,0.597809732,0.590251386,0.512665272,0.571594894,0.601788104,0.70690155,0.680590153,0.760012507,0.72694701,0.650962234,0.134192318,0.405192018,0.653203666,0.707513094,0.463333845,0.529191077
330,843,435,663,461,480,570,461,600,663,600,851,513,465,416,225,416,225,345,86,348,450,375,363,330,258,498,195,468,345,375,446,0.602574766,0.70057863,0.552394629,0.613546193,0.61798048,0.709530532,0.626755357,0.782405257,0.756612539,0.643563151,0.572595119,0.625916302,0.700226724,0.659730136,0.561498523,0.309392899
330,851,438,660,480,468,573,465,600,656,600,851,525,468,420,221,420,221,345,78,375,468,371,375,326,255,506,180,495,341,405,461,0.59427774,0.642419398,0.516883373,0.545455635,0.625996947,0.695877731,0.661359191,0.790730178,0.766994119,0.647695661,0.575437665,0.664270103,0.672549367,0.681717098,0.659241974,0.481199116
341,840,450,663,483,465,585,461,600,656,600,851,528,465,420,221,420,221,345,86,405,491,375,393,326,255,510,183,506,345,450,461,0.655048311,0.675768554,0.481627554,0.54704845,0.577445686,0.705738127,0.565060437,0.797125459,0.789262772,0.640188217,0.70429945,0.70579803,0.634151876,0.742387116,0.662391901,0.692737758
341,855,453,660,480,468,585,453,600,648,600,851,536,465,420,221,420,221,345,86,435,498,378,390,326,255,510,176,525,333,491,465,0.630399406,0.695474923,0.504188716,0.535027564,0.581328511,0.667541802,0.558529794,0.776035905,0.772207618,0.630714893,0.73430872,0.708826661,0.658822358,0.721102953,0.669206321,0.681114316
341,855,453,660,480,468,585,453,600,648,600,851,536,465,420,221,420,221,345,86,435,498,378,390,326,255,510,176,525,333,491,465,0.628047705,0.699244499,0.495503306,0.531113148,0.586037934,0.663617551,0.563695073,0.770483017,0.772316217,0.631589472,0.73523581,0.712301016,0.664679587,0.713862956,0.662577689,0.689048648
345,851,465,656,480,453,585,431,596,645,600,851,525,446,420,221,423,225,348,90,525,476,416,390,330,273,510,168,555,303,540,438,0.619778156,0.666101754,0.512654006,0.483173341,0.652863741,0.654051721,0.543241858,0.737120032,0.746334195,0.702912986,0.583167613,0.64125967,0.686608374,0.721556604,0.596666276,0.456709057
345,851,465,656,480,446,585,416,600,641,600,851,528,435,420,213,431,225,345,93,581,465,431,375,345,273,510,161,581,300,573,435,0.610464036,0.648207545,0.43529439,0.380916119,0.61397469,0.658770025,0.482921481,0.63525039,0.643903971,0.574747443,0.52693665,0.58202529,0.609970987,0.618411779,0.579264462,0.400062084
345,843,465,656,480,461,585,446,596,645,600,851,540,453,423,210,435,221,333,105,573,408,446,360,356,285,506,150,585,273,600,401,0.629996657,0.694141328,0.455836236,0.46215722,0.609905481,0.646033227,0.476531208,0.636778593,0.647306859,0.595333397,0.417929828,0.462073922,0.602519751,0.685822785,0.714891315,0.456688166
345,843,476,660,491,465,588,450,600,648,600,851,540,453,435,206,446,213,330,108,555,386,408,330,371,285,506,150,588,255,633,360,0.640882313,0.672251165,0.428508729,0.52639246,0.653316498,0.67196852,0.554647505,0.485074818,0.495264918,0.504106998,0.151756287,0.301521331,0.478689134,0.473958075,0.398334682,0.350390524
345,843,476,660,483,450,585,431,596,645,600,851,540,438,431,195,450,213,330,108,551,341,393,315,375,243,506,150,585,243,663,315,0.643467367,0.677061737,0.481912315,0.544639468,0.637071669,0.619532228,0.571735442,0.659691334,0.555485427,0.566681623,0.100084871,0.299657524,0.393435597,0.539966345,0.501993239,0.449623913
345,843,480,663,491,450,585,431,596,645,596,855,540,446,450,221,446,225,345,101,660,281,566,315,390,273,491,150,573,225,678,266,0.646239698,0.651765525,0.450131297,0.544561803,0.618037641,0.616898894,0.539052844,0.534708083,0.61884439,0.559427559,0.494284809,0.2772488,0.416400105,0.450258136,0.475984156,0.214213282
345,843,480,663,495,453,585,438,600,648,596,855,540,446,453,225,450,228,356,105,690,213,596,273,461,270,483,150,566,225,663,225,0.66575104,0.672296345,0.474724084,0.52891922,0.656801045,0.593362033,0.605474949,0.545584619,0.574126601,0.509209275,0.516861379,0.436611861,0.442762613,0.363947362,0.481351405,0.481068224
345,843,483,660,506,465,585,438,600,648,600,851,551,450,465,228,461,225,375,101,690,168,611,243,491,270,431,210,600,228,675,191,0.669321477,0.62768811,0.476941526,0.477462918,0.697777152,0.625003517,0.551589668,0.591588736,0.653941751,0.534298718,0.630629897,0.512157857,0.524807692,0.277594149,0.273007244,0.384417862
345,836,491,660,510,461,588,450,600,648,600,851,551,450,468,225,465,221,393,90,675,131,611,225,495,258,431,210,600,221,663,150,0.679349482,0.609508336,0.481467903,0.410147458,0.67214638,0.639562845,0.518031657,0.560588956,0.649689138,0.560169756,0.656679392,0.604975402,0.549933016,0.309204161,0.35255146,0.350325197
345,836,491,660,510,453,585,438,600,648,596,855,543,450,476,240,468,225,405,86,660,108,615,206,506,255,431,210,596,195,645,123,0.674893379,0.633865535,0.437470466,0.401012033,0.685806692,0.632797658,0.457058579,0.598347366,0.685712814,0.539390206,0.708026886,0.654444337,0.540674686,0.441872567,0.174221754,0.382630557
345,836,495,663,521,450,588,435,600,648,596,855,555,446,480,228,480,221,416,75,648,90,615,183,525,251,435,206,461,180,641,105,0.651174843,0.634363592,0.462935328,0.469187021,0.676242292,0.658636928,0.54048723,0.544999719,0.60503,0.587709844,0.697282374,0.641831934,0.455187827,0.436199307,0.151382908,0.355312735
345,828,498,660,513,450,588,435,600,648,600,851,555,446,495,221,483,210,431,75,630,78,615,176,540,228,435,206,596,165,630,86,0.668867826,0.580947816,0.475999415,0.50818795,0.66567117,0.660736382,0.617551506,0.587782741,0.636419594,0.570579231,0.609128833,0.452758193,0.418772101,0.457989603,0.271080941,0.537869811
345,828,510,663,525,453,585,438,600,648,600,851,555,446,495,213,491,210,435,71,618,60,615,153,551,225,446,210,543,165,615,63,0.67689079,0.651871324,0.477564365,0.473673493,0.639152706,0.659758508,0.564028442,0.549990952,0.665447474,0.550083458,0.539532006,0.59886241,0.497985542,0.396502197,0.312706649,0.276404262
348,825,510,663,528,450,585,438,600,648,596,855,558,450,498,210,498,210,446,60,603,60,618,150,558,225,450,206,558,150,600,56,0.680899024,0.653181493,0.512610495,0.51192373,0.626928866,0.649436533,0.593829513,0.576949298,0.605318189,0.509482265,0.47774592,0.681831419,0.435405105,0.429241478,0.35041222,0.139851093
348,825,510,663,536,450,585,446,600,656,596,855,558,450,506,210,506,210,465,56,596,45,626,135,558,225,450,206,551,138,498,71,0.649010718,0.631719053,0.48070243,0.488490403,0.595309436,0.653507173,0.565146148,0.639932156,0.577039719,0.485218912,0.602629602,0.67737639,0.565102816,0.500632823,0.260320455,0.05814895
348,825,510,663,536,450,585,446,600,656,596,855,558,450,506,210,506,210,465,56,596,45,626,135,558,225,450,206,551,138,588,48,0.642489016,0.62780875,0.487663776,0.492219657,0.588956594,0.655582488,0.578410804,0.648245215,0.584681332,0.489002645,0.591989994,0.677360892,0.568295658,0.512014508,0.263749808,0.058033243
348,825,513,660,536,450,585,446,588,660,596,855,558,450,510,198,510,198,498,45,566,15,626,120,570,213,450,191,450,131,498,161,0.597694814,0.614714146,0.402008206,0.433338672,0.559908152,0.630753279,0.542303979,0.550361454,0.619727612,0.556934178,0.629795432,0.660173655,0.594506323,0.495024383,0.207519025,0.078262389
360,821,521,660,540,461,588,450,600,656,600,851,555,453,525,198,525,198,498,45,566,15,630,123,585,206,450,191,450,138,491,60,0.635727823,0.618098438,0.415685773,0.426598281,0.552904189,0.659365356,0.524164557,0.634084463,0.653368354,0.584683955,0.610956311,0.798358023,0.615306675,0.475651056,0.241237387,0.104862176
360,821,521,660,540,453,588,450,600,648,600,851,558,450,528,195,536,195,513,45,558,15,633,120,588,210,468,195,446,153,528,120,0.630446494,0.635270238,0.37351954,0.397569388,0.568814695,0.653999031,0.535559952,0.608873785,0.653240919,0.520080149,0.663864374,0.824918091,0.589512289,0.442864835,0.280019194,0.169724047
360,821,521,660,555,461,588,450,596,645,596,855,555,453,536,195,536,195,525,41,555,18,633,120,600,198,461,191,465,116,521,60,0.63934046,0.649483025,0.357284993,0.332449943,0.572834313,0.640891194,0.528104246,0.617794752,0.648742557,0.455021173,0.668690622,0.744709671,0.628163636,0.459436625,0.271873593,0.109804548
360,813,521,660,555,461,513,450,596,645,596,855,555,453,540,198,540,191,540,41,555,26,641,120,600,206,461,195,453,146,525,138,0.647561431,0.645468771,0.41256848,0.267353803,0.592363,0.630926013,0.505775392,0.642066777,0.646621943,0.50244534,0.601496994,0.807935774,0.60938257,0.45154202,0.323155314,0.137979478
360,813,525,663,555,461,573,450,600,648,596,855,555,461,540,198,540,191,543,30,558,30,645,116,603,210,465,183,465,146,521,135,0.642496049,0.656375527,0.430936545,0.291379958,0.594483256,0.639200747,0.491757572,0.592091203,0.554457545,0.4202739,0.55950737,0.823903561,0.630436003,0.423328489,0.171147734,0.151641011
360,813,525,663,551,465,581,450,600,648,596,855,555,461,551,210,555,198,558,45,573,45,648,120,611,210,476,206,461,153,521,71,0.628196955,0.668265462,0.413215011,0.328346223,0.59285152,0.647165835,0.491040349,0.524418592,0.520512462,0.456082165,0.400322109,0.751420975,0.587345362,0.342791915,0.246059805,0.153806806
360,813,525,663,555,461,581,450,600,648,600,851,558,450,551,210,551,195,558,45,596,60,648,120,611,210,480,198,465,153,521,135,0.620748103,0.673085749,0.451115549,0.324014843,0.591312587,0.656127036,0.480106175,0.476513088,0.478942752,0.34461996,0.310471654,0.681525826,0.563394129,0.314353257,0.193237841,0.152750403
360,813,525,663,555,453,588,450,600,648,600,851,570,453,555,198,555,198,543,45,-1,-1,641,138,615,206,495,221,453,165,513,135,0.626320064,0.662184954,0.433632374,0.438656658,0.61069566,0.660993099,0.516832352,0.431750864,0.458945304,0.258476853,0,0.199801087,0.346322775,0.302681267,0.271515995,0.165727705
360,813,528,660,555,453,588,450,600,648,600,851,570,453,555,206,555,198,543,45,465,176,630,191,648,120,510,213,630,206,483,161,0.630219281,0.635356426,0.477859437,0.501362741,0.611744225,0.664935052,0.581268311,0.398706973,0.487718076,0.196457326,0.320169061,0.169613153,0.22338368,0.166637808,0.080114141,0.082318693
363,810,528,660,555,461,581,450,600,648,600,851,570,453,558,210,566,195,573,30,300,176,660,131,626,210,506,225,476,180,465,176,0.621351361,0.629287064,0.446547449,0.423403233,0.60728997,0.664213121,0.511005402,0.491786689,0.522684336,0.262397945,0.141844749,0.265372992,0.456503123,0.34092012,0.066312909,0.210077316
371,810,536,660,558,465,581,450,600,648,600,851,570,453,558,210,566,195,588,30,318,195,660,131,626,198,495,213,390,153,326,195,0.596822143,0.614625454,0.414898783,0.3542777,0.607443154,0.668981016,0.48554343,0.434909463,0.516113162,0.290722817,0.108589128,0.234984189,0.406957984,0.287607253,0.122893274,0.126281679
371,810,528,660,558,465,573,450,596,645,596,855,558,450,566,195,570,191,596,30,-1,-1,671,135,630,206,495,213,423,165,356,210,0.600352824,0.629980981,0.479720831,0.32686168,0.59307605,0.652536988,0.536488831,0.555002153,0.578967929,0.43135047,0,0.3477391,0.539157391,0.405562997,0.124104902,0.307101935
371,810,536,660,570,461,536,450,600,641,600,851,555,453,570,198,570,183,611,30,675,116,660,168,626,210,506,210,468,165,566,135,0.637133896,0.617181838,0.528232098,0.335034877,0.586873353,0.670038939,0.563186586,0.490963519,0.564429402,0.526220083,0.193007305,0.340195358,0.55085814,0.381336451,0.197422847,0.235261172
375,813,536,660,570,461,528,450,600,641,596,855,555,453,570,206,573,195,615,33,663,120,675,131,630,206,506,210,480,146,513,75,0.634105146,0.622909427,0.54059577,0.390998006,0.575139463,0.669588387,0.572823584,0.547572494,0.583565831,0.51693064,0.114415929,0.509120345,0.584646761,0.43305102,0.257608861,0.384944588
375,813,528,660,570,461,528,450,600,641,596,855,555,453,570,206,573,195,611,30,663,120,675,131,630,206,495,213,480,153,510,78,0.631168783,0.615441501,0.529967368,0.390625507,0.582442403,0.66617018,0.575632155,0.587045908,0.591995597,0.509196639,0.078943893,0.551238477,0.603845,0.43813628,0.325041294,0.494838089
375,813,536,660,570,461,528,450,600,641,600,851,555,453,570,183,573,180,626,30,678,131,660,183,630,213,510,183,495,123,510,63,0.650482357,0.630561292,0.563697696,0.416529655,0.575050175,0.694086134,0.595905483,0.451643646,0.582911015,0.510644197,0.129252404,0.302094042,0.422514528,0.353117108,0.24667123,0.464890897
375,813,536,660,570,461,536,450,596,645,600,851,558,450,581,165,573,180,633,30,495,281,660,191,633,210,528,210,480,161,510,56,0.645427942,0.626202881,0.512095809,0.369024515,0.591078043,0.683092833,0.568090618,0.387396872,0.438831717,0.416972965,0.203408599,0.261722386,0.345058799,0.273154646,0.231299803,0.146961868
375,813,536,660,570,461,551,450,600,641,600,851,566,450,566,180,573,180,645,33,690,131,671,180,641,210,495,153,480,153,510,56,0.641751111,0.633291125,0.544321775,0.329647809,0.596250355,0.691229045,0.554950714,0.469011962,0.520093024,0.493948936,0.447946727,0.233527392,0.368406743,0.200098723,0.280815125,0.267782778
375,813,536,660,570,461,573,450,600,641,600,851,570,453,570,176,570,168,648,33,690,131,663,195,641,210,498,153,480,161,510,63,0.6359182,0.624507368,0.531695843,0.355679542,0.591854751,0.69193095,0.586175442,0.371982634,0.525485039,0.457921743,0.364262581,0.208464369,0.330365032,0.186521456,0.159413919,0.169321328
375,813,536,660,570,461,581,450,600,648,600,851,570,453,581,150,566,165,660,33,690,146,690,138,645,198,495,153,495,138,510,63,0.644043148,0.639142454,0.495213747,0.392569333,0.587861121,0.691895843,0.558871329,0.473585904,0.53059423,0.465155691,0.05927394,0.143109694,0.22232841,0.232583314,0.075893827,0.247041017
375,813,536,660,570,461,581,450,600,648,600,851,570,461,581,165,573,165,660,41,690,146,690,138,648,210,498,150,495,138,510,56,0.647921622,0.635972738,0.531755984,0.388777167,0.602009714,0.690718114,0.573466361,0.472016871,0.555502176,0.505872071,0.095324561,0.128662035,0.344048649,0.308343828,0.192657381,0.410612464
375,813,536,660,573,465,573,450,600,641,600,851,570,453,573,180,581,180,660,41,701,135,675,191,645,213,498,165,498,135,513,45,0.64198041,0.632636249,0.505296648,0.310529947,0.59815836,0.689368427,0.549623668,0.486568987,0.577340305,0.485236436,0.251927108,0.240411729,0.453342706,0.427313507,0.389457881,0.489210933
375,813,536,660,581,465,551,450,600,641,600,851,570,461,585,183,585,176,671,45,701,135,678,191,648,210,506,165,495,131,510,48,0.638875902,0.631030858,0.506410122,0.322184056,0.574865878,0.685185373,0.554568827,0.512271941,0.580850601,0.463569403,0.178909376,0.269638598,0.474660784,0.477287292,0.314782143,0.421659917
375,813,536,660,581,465,566,450,600,641,600,851,570,461,585,183,585,176,671,45,705,138,701,150,656,210,498,165,495,123,510,48,0.640309513,0.644665658,0.521595776,0.331981182,0.59340775,0.687201917,0.557225525,0.534482777,0.566755176,0.462321371,0.16409184,0.167852908,0.435169607,0.463628143,0.264828563,0.45539543
375,813,536,660,581,465,573,450,600,641,600,851,570,461,581,180,585,168,678,45,705,138,690,198,656,210,506,165,483,120,510,48,0.62865746,0.646217644,0.533194423,0.358734816,0.588995636,0.689522088,0.566178381,0.457410812,0.550079584,0.451630116,0.139411554,0.106924109,0.357652694,0.400354505,0.260188252,0.435512155
375,813,536,660,573,465,581,450,600,641,600,851,570,453,585,176,588,165,678,45,630,333,690,191,656,210,498,150,483,120,510,48,0.619800746,0.640343964,0.510154605,0.357266814,0.593124092,0.686731219,0.544518352,0.42646569,0.513208866,0.432413518,0.093172461,0.066193119,0.309522331,0.415216446,0.171855569,0.351862878
375,813,536,660,581,465,573,450,600,641,600,851,570,461,588,180,588,165,678,45,705,138,690,198,660,213,495,153,476,105,510,56,0.594517708,0.641189456,0.531206667,0.33398819,0.599036753,0.686880171,0.554690182,0.508913934,0.559793234,0.445385396,0.141693309,0.083561622,0.383203685,0.483071387,0.493686736,0.655346274
375,813,536,660,581,465,566,450,600,641,600,851,570,461,588,180,588,168,686,45,-1,-1,690,191,663,210,498,150,468,105,510,56,0.585418284,0.636629999,0.534174144,0.326031744,0.596482754,0.68673116,0.559964359,0.481097221,0.534890234,0.430102706,0,0.099138781,0.363836974,0.483210891,0.53420198,0.596679211
375,813,540,656,581,465,573,450,600,641,600,851,570,453,588,165,585,161,693,48,690,176,690,206,671,210,498,150,468,105,510,56,0.574514151,0.636181653,0.507460594,0.334091634,0.603478849,0.683485329,0.529069483,0.432880282,0.520742059,0.434227705,0.064683929,0.086652525,0.269600838,0.461187422,0.450855702,0.602390885
375,813,540,656,573,465,581,450,600,641,600,851,570,461,596,150,585,153,705,56,-1,-1,-1,-1,675,198,498,150,465,108,510,56,0.576420486,0.64564091,0.535507262,0.392230779,0.61604619,0.677476823,0.567920685,0.35645479,0.462117285,0.445920289,0,0,0.082058094,0.378626615,0.40405193,0.561125159
375,813,540,656,573,465,573,450,600,641,600,851,570,461,596,165,585,161,705,56,-1,-1,690,198,675,206,498,150,465,116,510,56,0.586698055,0.64952594,0.511897504,0.348201156,0.611084044,0.675229967,0.565106511,0.468126118,0.552331209,0.398231864,0,0.059891183,0.242675409,0.48446697,0.53770566,0.638886511
375,821,540,656,581,465,551,450,600,633,600,851,570,461,600,176,600,168,690,41,581,75,705,153,678,210,510,153,465,116,513,60,0.568698764,0.654086828,0.545053065,0.336210698,0.614702761,0.672838151,0.560822546,0.610659122,0.655320525,0.488345742,0.084303319,0.145346999,0.389150441,0.57078433,0.690213442,0.702835798
375,813,540,656,581,465,558,450,600,641,600,851,570,461,600,176,600,168,693,45,585,78,705,153,678,210,510,153,465,116,521,60,0.563917577,0.655616224,0.549878895,0.341955453,0.603330851,0.672959864,0.57108748,0.615368545,0.631900787,0.477703363,0.070642591,0.106035292,0.437428087,0.549604475,0.637080967,0.626297832
375,813,536,660,581,465,558,450,600,641,600,851,570,461,600,176,603,165,701,45,585,78,705,153,678,210,510,153,465,116,521,60,0.566896081,0.656534731,0.565106571,0.343985021,0.593457997,0.674380243,0.58609575,0.620302677,0.645528376,0.496815264,0.09454146,0.102276139,0.416488856,0.534100771,0.64116329,0.652427435
375,813,536,660,581,465,551,450,600,633,600,851,570,461,600,176,603,165,701,45,585,78,708,150,686,210,510,153,465,116,521,60,0.570093036,0.656364501,0.578023672,0.361828625,0.615660846,0.674202979,0.598741412,0.651789904,0.659722209,0.490603834,0.089339286,0.128497273,0.442853779,0.538309634,0.670237124,0.684727967
375,813,540,656,581,465,543,450,600,633,600,851,570,461,600,176,600,168,701,45,588,75,708,150,690,206,513,150,465,116,521,60,0.580170035,0.653423131,0.565530062,0.369554013,0.635585964,0.669390023,0.589292526,0.572202981,0.630536199,0.449329704,0.093396783,0.132569104,0.397556424,0.58136642,0.661586225,0.699572146
375,813,540,656,585,468,536,450,600,633,600,851,566,465,600,176,600,168,705,41,588,75,705,153,690,198,510,153,465,116,513,60,0.572585344,0.66327244,0.57569766,0.438158989,0.606091917,0.674755096,0.64996779,0.673202991,0.68012172,0.462918967,0.090446964,0.087070122,0.397758514,0.544795513,0.761168003,0.717424035
375,813,540,656,585,468,536,450,600,633,600,851,566,465,603,180,600,168,705,41,-1,-1,705,161,690,206,510,153,465,116,513,60,0.5762887,0.663900018,0.582145989,0.436229289,0.605884075,0.671746671,0.643716693,0.66718781,0.673385739,0.479874462,0,0.101120427,0.407733977,0.545893788,0.792150259,0.742531478
375,813,540,656,585,468,536,450,600,633,600,851,566,465,603,180,600,168,708,45,588,75,705,161,690,206,521,165,465,116,513,60,0.578258932,0.6647349,0.57747817,0.431030065,0.600818157,0.667492986,0.645935655,0.651697934,0.643518686,0.477679819,0.052374136,0.11291635,0.448881418,0.549066424,0.810328186,0.737374961
375,813,540,656,588,465,536,450,600,633,600,851,566,465,603,180,603,180,701,45,596,75,705,161,690,206,521,165,465,116,513,60,0.581841528,0.664468229,0.570245624,0.433212161,0.59744817,0.665995777,0.640985191,0.628687799,0.602607489,0.453827381,0.074122831,0.123337738,0.470749736,0.58052212,0.823073745,0.716399908
375,813,540,656,585,468,536,450,600,633,600,851,566,465,603,180,611,180,701,45,588,75,705,161,690,206,521,165,468,120,513,60,0.580532014,0.664662063,0.572113216,0.42629844,0.597554743,0.661920547,0.642748535,0.625377417,0.610445559,0.472367108,0.073165074,0.121594593,0.454814851,0.577036798,0.822712719,0.713634729
375,813,540,656,585,468,536,450,600,633,600,851,566,465,611,180,611,180,701,45,596,75,705,161,690,206,521,165,468,120,521,60,0.576516867,0.664804816,0.561400652,0.42106849,0.591947019,0.659110129,0.64811784,0.61058414,0.623948395,0.461219609,0.076453686,0.119827062,0.459976733,0.584260046,0.814831913,0.725930452
375,813,540,656,585,468,540,453,600,641,600,851,566,465,611,180,611,180,701,45,588,75,708,165,690,213,521,165,468,120,521,60,0.575157106,0.663839698,0.553876936,0.398818761,0.591863811,0.657894135,0.649847209,0.605759978,0.628193974,0.481324345,0.064722255,0.119891584,0.437736779,0.591072738,0.807449102,0.719379842
375,813,536,660,585,468,543,450,600,641,600,851,573,465,611,180,615,176,708,45,588,75,708,165,690,206,521,165,468,120,521,60,0.579446971,0.662668288,0.559548378,0.36472249,0.602981865,0.658949435,0.646545947,0.614498675,0.615581274,0.504936039,0.050434168,0.084501371,0.407006264,0.587328494,0.78304255,0.737885594
375,813,536,660,585,468,543,453,600,641,600,851,566,465,611,180,615,176,705,41,588,75,701,168,690,206,521,165,468,120,521,60,0.574373305,0.660556972,0.556994855,0.384806812,0.597905159,0.660048664,0.644997776,0.62807703,0.609341383,0.503261328,0.069684744,0.112606272,0.422216922,0.577019632,0.777377844,0.73994869
375,813,536,660,585,468,536,450,600,641,600,851,566,465,611,180,615,176,701,45,588,78,705,161,690,206,521,165,465,123,525,63,0.58790797,0.652750194,0.557209015,0.409066439,0.595886886,0.652778566,0.639245808,0.616561294,0.60119766,0.500812709,0.056016635,0.130146712,0.443943352,0.58597523,0.753402054,0.738216639
375,813,536,660,585,468,536,450,600,641,600,851,566,465,611,180,615,176,701,45,671,213,705,161,690,206,521,165,465,123,525,63,0.579923451,0.65462774,0.559584498,0.408629805,0.596248746,0.654856503,0.636100352,0.600362718,0.594210505,0.505679786,0.064992651,0.134737909,0.473849267,0.582105458,0.752062917,0.731279671
375,813,536,660,585,468,528,450,600,641,600,851,566,465,603,195,611,180,701,45,596,90,708,165,690,221,521,165,468,135,525,63,0.583666444,0.648657501,0.540531635,0.391563356,0.605825484,0.653735101,0.631576121,0.658408403,0.661063313,0.472554594,0.07486172,0.230863497,0.528944135,0.589112103,0.686855197,0.68576467
375,813,536,660,585,468,528,450,600,641,600,851,566,465,600,191,615,176,701,45,596,75,705,168,678,225,521,165,468,135,525,63,0.576465547,0.646364033,0.542654335,0.40218392,0.595947981,0.653726757,0.633315444,0.689793766,0.610148728,0.506756186,0.055481579,0.223510623,0.513346612,0.580883384,0.717885971,0.707370758
375,813,536,660,585,468,543,450,600,641,600,851,573,465,600,191,611,165,708,45,648,206,705,176,686,210,521,165,476,135,536,60,0.586532652,0.657054484,0.534167528,0.352062941,0.598198414,0.663420796,0.637048662,0.593171299,0.581974387,0.480510741,0.056928735,0.221988007,0.463096768,0.558659554,0.639536917,0.599024296
375,813,536,660,585,468,528,450,600,641,600,851,566,465,603,195,611,180,693,33,600,93,705,168,690,221,521,165,476,135,536,60,0.584620774,0.64468503,0.549114466,0.500443637,0.580976486,0.6509161,0.633154452,0.699480891,0.63103348,0.43721801,0.108895704,0.266923934,0.549998522,0.675928056,0.720052838,0.670290887
375,813,536,660,585,468,528,450,600,641,600,851,566,465,603,195,615,176,701,45,596,90,708,180,686,225,528,165,476,135,540,63,0.577464342,0.64353013,0.547704935,0.483848691,0.574588299,0.654446304,0.636697054,0.694770932,0.655684114,0.449175,0.117299691,0.339251518,0.592886865,0.65179944,0.758962095,0.691249251
375,813,536,660,585,468,525,453,600,641,600,851,566,465,600,191,615,176,701,45,600,93,705,176,675,221,521,165,480,138,540,71,0.565414786,0.638553739,0.543958187,0.530288994,0.569451272,0.656570017,0.633513749,0.72142458,0.609493673,0.505544901,0.14029175,0.345630497,0.594823301,0.699184835,0.77690351,0.726505339
375,813,536,660,585,468,525,453,600,633,600,851,558,465,600,191,615,176,701,45,690,176,708,180,675,221,528,165,483,135,540,71,0.559543908,0.63821131,0.576875508,0.546768844,0.587849557,0.658611596,0.625204086,0.710939884,0.630933285,0.527170718,0.090422213,0.343114465,0.625359595,0.664005697,0.758922517,0.761057794
375,813,536,660,585,468,528,450,600,641,600,851,558,465,600,198,615,183,701,45,705,161,705,191,671,225,528,180,491,135,543,75,0.544566691,0.635700285,0.567847013,0.557850122,0.576362491,0.651218712,0.643457174,0.662557602,0.635367334,0.496251911,0.145685062,0.359744519,0.606714666,0.506985009,0.68489635,0.682697415
375,813,536,660,585,468,528,450,600,633,600,851,558,465,603,195,615,183,701,45,708,165,716,183,671,225,540,176,495,146,551,75,0.535108745,0.629531801,0.556702971,0.483665675,0.571769774,0.646758914,0.612720549,0.642519534,0.655784845,0.521546602,0.184551761,0.297316074,0.596268237,0.457260251,0.63797003,0.670777142
375,813,536,660,585,468,528,450,600,633,600,851,558,465,600,198,611,180,701,45,693,165,705,191,663,225,540,168,495,153,551,75,0.547052801,0.625497282,0.583745241,0.50123924,0.583832443,0.645497262,0.615943611,0.639894485,0.620239139,0.493263245,0.173327655,0.345518857,0.578290761,0.509138525,0.64671886,0.635360479
375,813,536,660,585,468,528,450,600,633,600,851,566,465,603,195,615,176,701,41,690,168,716,180,671,225,536,165,495,153,555,78,0.540652931,0.633924544,0.577329218,0.476869196,0.571827829,0.647231638,0.588997781,0.663070202,0.640303135,0.498532653,0.141367912,0.379655331,0.627424181,0.608567417,0.575186014,0.641008675
375,813,536,660,585,468,528,450,600,641,600,851,558,465,603,195,615,183,690,33,671,180,720,183,675,221,528,165,495,146,558,90,0.566854894,0.619289279,0.5491997,0.485320449,0.578088939,0.640304387,0.60615319,0.68461895,0.650363326,0.480355561,0.099568501,0.427332044,0.657164872,0.565975308,0.523365796,0.638623476
375,813,536,660,581,465,528,450,600,641,596,855,558,465,600,198,611,180,693,45,675,161,716,195,671,225,525,176,513,150,566,90,0.575800002,0.596000552,0.536973655,0.464552492,0.571188569,0.634836435,0.607637465,0.637714148,0.576757669,0.514262438,0.178175092,0.553653598,0.614272535,0.365482748,0.415189058,0.566153646
375,813,536,660,570,468,543,450,600,641,600,851,566,465,600,198,611,180,690,41,663,138,716,195,663,225,543,195,513,165,566,90,0.595967591,0.598568439,0.518467128,0.376460105,0.580330908,0.635270417,0.592278004,0.535223365,0.561616302,0.500818014,0.194477946,0.57990557,0.539183021,0.141215205,0.393792003,0.562799692
375,813,536,660,573,465,536,450,600,641,600,851,558,465,596,195,611,180,690,41,671,146,720,198,663,225,525,176,525,153,581,90,0.596001208,0.593351305,0.540105045,0.431980282,0.571326256,0.630939782,0.6020661,0.580369115,0.575080752,0.536110222,0.295249343,0.660300493,0.559430897,0.270045608,0.399105728,0.364192486
375,813,536,660,573,465,536,450,600,641,600,851,566,465,600,198,611,180,690,41,671,146,720,198,663,225,528,180,521,153,570,101,0.599922657,0.603413403,0.53419894,0.418488145,0.590657532,0.633303702,0.587993443,0.570004761,0.571049988,0.545639575,0.299141407,0.657502115,0.567372561,0.244303763,0.379116625,0.37413308
375,813,536,660,566,465,581,465,600,641,600,851,570,461,585,191,600,168,690,41,686,165,708,225,641,225,521,165,603,195,645,176,0.618792236,0.598394573,0.536382079,0.409238696,0.586393476,0.634197056,0.625540197,0.492488086,0.675361514,0.546392381,0.497160733,0.361702979,0.265971422,0.199448854,0.059978571,0.152308822
375,813,536,660,566,465,581,465,600,641,600,851,570,461,585,191,600,168,690,41,675,161,720,221,656,225,513,165,573,210,645,153,0.620824993,0.603229344,0.517625809,0.394947886,0.587142229,0.628104925,0.623144448,0.555277228,0.707195818,0.543258011,0.299858332,0.432073116,0.381376684,0.201051012,0.066792116,0.180584162
375,813,528,660,570,468,543,450,600,633,596,855,558,465,588,195,600,168,678,30,675,153,720,221,656,225,521,165,510,176,596,135,0.577262402,0.586766958,0.547654092,0.391979307,0.572799325,0.626992226,0.58266288,0.644668341,0.722033978,0.571073055,0.639393568,0.684817672,0.490163118,0.565440059,0.177575544,0.230509669
371,810,528,660,570,468,551,450,600,633,596,855,566,465,588,195,600,168,678,30,671,165,720,228,648,225,513,165,506,180,630,146,0.570755422,0.595856845,0.563273489,0.391015738,0.564291716,0.624556184,0.616139829,0.68651098,0.758016109,0.558166206,0.734421253,0.631951272,0.487066001,0.574081063,0.187850818,0.19325605
371,813,525,663,573,465,543,450,600,633,596,855,558,465,588,195,600,168,678,30,671,165,720,236,656,225,513,165,495,183,566,150,0.551946044,0.600761175,0.571909547,0.433195055,0.55972451,0.620299399,0.598002553,0.730799139,0.77559638,0.611358166,0.633905113,0.677794397,0.540833652,0.599470258,0.192533225,0.194594473
371,810,528,660,570,468,558,450,600,641,596,855,566,465,581,195,600,168,678,33,671,180,720,243,648,225,513,165,555,213,633,180,0.575447559,0.593770742,0.555106521,0.357960522,0.577898145,0.626539528,0.623267293,0.677870035,0.794186711,0.558546364,0.588816762,0.569360077,0.442101866,0.562117636,0.16425401,0.166540474
371,810,536,660,570,468,570,461,596,645,600,851,566,465,581,195,600,168,678,33,675,183,716,255,648,225,513,165,558,225,648,195,0.596728265,0.584336579,0.53949976,0.352686971,0.595094681,0.630315363,0.61941731,0.630335212,0.727422237,0.559651375,0.390872449,0.645830035,0.391224355,0.394191623,0.114937715,0.160223633
375,813,536,660,566,465,581,465,596,645,600,851,570,461,581,195,596,165,675,33,663,195,708,255,656,236,510,168,566,225,641,195,0.612860799,0.595470011,0.520416737,0.389682204,0.605626404,0.63656038,0.634587288,0.545972705,0.686452389,0.584933877,0.372894406,0.587714136,0.264594942,0.296799183,0.121524826,0.192665875
375,813,528,660,573,465,543,450,600,641,596,855,558,465,585,198,600,168,675,33,663,195,708,270,656,236,510,168,495,198,581,210,0.549465239,0.610661507,0.557657182,0.401463568,0.579718411,0.624594152,0.588718235,0.661394596,0.794813752,0.631400466,0.329295278,0.612168729,0.515343845,0.542517424,0.206493676,0.165233195
375,813,528,660,573,465,543,450,600,641,600,851,558,465,585,198,600,168,671,30,675,213,708,270,648,225,510,176,551,225,630,206,0.54646194,0.602153003,0.548647285,0.401038855,0.599615037,0.631529272,0.583873093,0.648990571,0.80385673,0.627004683,0.548664272,0.692393005,0.543621182,0.520713627,0.180871129,0.15241468
375,813,528,660,581,465,536,450,600,641,600,851,558,465,585,198,600,168,671,30,675,206,708,270,645,228,510,176,551,225,570,153,0.531552911,0.601230085,0.56544435,0.430450529,0.593198836,0.629310429,0.591166914,0.647464633,0.807848394,0.631010354,0.65447253,0.663767278,0.504907906,0.553715706,0.178575933,0.133286297
375,813,528,660,573,465,555,453,600,641,600,851,566,465,585,198,600,168,675,33,675,213,705,281,641,225,510,168,551,225,630,206,0.541221976,0.600090623,0.546570301,0.393998921,0.603798568,0.637173772,0.617355168,0.636668086,0.819933236,0.635727108,0.587033272,0.689823151,0.477215379,0.533335507,0.163683951,0.146643013
371,813,528,660,573,465,555,453,600,641,600,851,566,465,585,198,600,168,675,33,675,206,701,285,648,225,510,168,536,240,611,210,0.539120197,0.60340637,0.547082186,0.398584485,0.608203113,0.630986452,0.606226623,0.659095407,0.826906562,0.640707254,0.500579953,0.749808133,0.552166641,0.551904917,0.170134082,0.14897567
371,813,528,660,573,465,543,450,600,641,600,851,558,465,581,195,600,168,671,30,675,206,701,285,648,225,510,168,528,240,603,210,0.539555371,0.610347331,0.539218545,0.39944306,0.613010705,0.620311916,0.568539262,0.70637852,0.809220791,0.642293394,0.463753402,0.720761478,0.572608054,0.568270743,0.18421188,0.173847318
371,813,528,660,581,465,536,450,600,641,600,851,558,465,585,198,600,168,671,30,675,206,701,285,656,225,498,180,521,240,588,221,0.539449513,0.613394558,0.552035689,0.434562296,0.613375425,0.617939353,0.576005995,0.698055625,0.806103706,0.647457123,0.431243271,0.615350008,0.574242055,0.573029578,0.174214974,0.160725236
375,813,528,660,581,465,536,450,600,641,600,851,558,465,585,198,600,168,671,30,675,206,705,296,656,225,510,176,513,240,600,213,0.542296827,0.606250644,0.562050104,0.446205825,0.608050048,0.621215343,0.565407157,0.699356437,0.798075855,0.654536307,0.485939384,0.627665222,0.561382353,0.563221216,0.163630471,0.162037283
371,810,525,663,581,465,528,450,600,641,600,851,555,461,581,195,596,165,663,30,663,198,693,300,656,225,495,176,483,285,566,240,0.551958859,0.631279409,0.562202394,0.471965492,0.589206517,0.60461098,0.573410094,0.69223094,0.718433559,0.629876852,0.306945324,0.640226781,0.667384207,0.643611789,0.465751439,0.137032807
371,813,528,660,585,461,528,450,600,641,600,851,555,453,573,195,596,165,671,30,663,198,690,296,656,225,495,176,483,285,566,240,0.552183449,0.630692244,0.546977341,0.472616017,0.591114104,0.610321283,0.564640284,0.699388146,0.713202238,0.632404625,0.374482274,0.707126975,0.645505726,0.644457877,0.480828613,0.13994804
371,813,528,660,585,461,528,450,600,641,596,855,555,453,573,195,588,165,671,30,663,195,690,296,656,225,495,176,480,288,555,243,0.554297268,0.634387076,0.533804536,0.469068855,0.581356823,0.612056136,0.5776847,0.728527367,0.719062805,0.623297513,0.365984917,0.696534038,0.656779468,0.650424063,0.498238057,0.138089508
375,813,528,660,585,461,528,450,600,633,600,851,555,453,581,195,596,165,671,30,663,198,690,296,660,228,495,168,483,285,540,273,0.556147158,0.619966447,0.546634495,0.465263873,0.584877074,0.620210707,0.571082413,0.717682004,0.760369658,0.619013071,0.236027434,0.660411716,0.707469642,0.620993435,0.575304806,0.131860167
371,813,525,663,585,461,528,450,600,633,600,851,555,461,581,195,596,165,663,30,671,210,690,303,660,228,495,168,480,281,540,273,0.533042133,0.634946644,0.551303446,0.484524339,0.584554791,0.614756644,0.579260647,0.726464689,0.733361304,0.630592525,0.191842154,0.533738434,0.73602438,0.644304097,0.640201986,0.151240438
375,813,528,660,585,461,528,450,600,633,596,855,555,461,581,195,588,165,663,30,641,270,690,318,660,221,495,168,480,281,540,281,0.528114855,0.633234084,0.548997223,0.49524042,0.58408767,0.61144644,0.581510305,0.730789185,0.718386889,0.611209989,0.183849052,0.572875917,0.697517872,0.673780203,0.641388059,0.160486758
375,813,525,663,585,461,528,450,600,633,596,855,555,461,581,195,588,165,660,26,645,281,690,326,660,221,495,168,476,285,540,281,0.522126496,0.641588748,0.562148035,0.5156973,0.574719965,0.61223954,0.602482677,0.720382929,0.738316536,0.632242084,0.212668464,0.585111558,0.681753099,0.673098326,0.611077726,0.163956404
375,813,528,660,585,461,528,450,600,633,596,855,555,461,581,195,588,165,660,26,645,273,690,318,656,225,495,168,476,285,540,273,0.518057525,0.635341942,0.564040184,0.523592651,0.584122837,0.61402297,0.605543494,0.721146941,0.7124632,0.637960076,0.168734938,0.530223072,0.702723324,0.675170422,0.600451946,0.127616674
375,813,528,660,585,461,528,450,600,641,596,855,555,461,581,195,596,165,663,30,645,281,690,318,656,225,495,168,476,285,540,273,0.522264361,0.628345668,0.555055499,0.511171877,0.575492322,0.620890915,0.591529906,0.726568162,0.723591328,0.620060205,0.151519671,0.527185619,0.698795378,0.682223678,0.614956915,0.139852464
375,813,528,660,581,465,528,450,600,641,596,855,555,461,581,195,596,165,660,26,641,270,690,318,660,228,495,168,476,285,540,281,0.520294607,0.623622835,0.557687402,0.495700985,0.588344038,0.624263942,0.589318931,0.731789708,0.75060606,0.624695003,0.153007776,0.535452783,0.71549052,0.669024885,0.612677455,0.165786177
375,813,528,660,585,461,536,450,600,641,596,855,555,453,581,195,596,165,660,26,630,281,690,318,656,225,495,168,476,285,540,281,0.519151211,0.621687293,0.547693014,0.468725652,0.600347459,0.6235255,0.582359612,0.721076131,0.732187629,0.609304428,0.153678954,0.547094882,0.69285363,0.667552769,0.607218027,0.216316402
375,813,528,660,585,461,528,450,600,641,596,855,555,453,581,195,588,165,660,18,630,296,690,318,656,225,495,168,476,285,536,285,0.518384457,0.623726547,0.544382393,0.485288113,0.600989878,0.627943337,0.588920414,0.698902547,0.718848586,0.619931817,0.167916089,0.526162624,0.6749174,0.679882228,0.622736096,0.181724846
375,813,528,660,585,461,528,450,600,641,596,855,555,453,573,195,588,165,660,26,675,228,690,303,656,225,495,168,476,285,540,281,0.532950461,0.627931297,0.539885402,0.477928072,0.59349829,0.626613557,0.597764015,0.734696507,0.749066234,0.603903234,0.249842808,0.531301558,0.647694468,0.686096013,0.603015959,0.132791996
375,813,528,660,581,465,528,450,600,641,600,851,555,461,573,195,588,165,660,18,675,236,690,318,656,225,495,168,476,285,540,281,0.526700258,0.627168357,0.54774487,0.493383378,0.588494122,0.627395272,0.590065658,0.707672954,0.737793028,0.63136059,0.160321042,0.508202016,0.659118891,0.686921954,0.608380437,0.149703205
375,813,528,660,585,461,528,450,600,641,596,855,555,453,573,195,588,165,660,18,648,266,686,300,648,225,495,168,476,285,540,273,0.524470329,0.631406426,0.529089093,0.485017568,0.58146435,0.625813782,0.604425967,0.774464607,0.782617927,0.608914852,0.174126178,0.600584269,0.650337756,0.690321386,0.602945149,0.14025709
375,813,528,660,585,461,528,450,600,641,600,851,555,453,573,195,588,165,660,18,675,236,686,300,648,225,495,168,476,285,540,273,0.525105774,0.631191194,0.527431488,0.484621316,0.582429588,0.624252856,0.610532165,0.774961174,0.780074239,0.604627728,0.183836192,0.635343254,0.668108344,0.682914376,0.600349009,0.14509064
375,813,528,660,585,453,536,450,600,641,600,851,555,453,570,198,588,165,663,30,675,221,686,300,648,225,495,168,476,285,540,273,0.531725049,0.624369085,0.523200989,0.481949449,0.582029521,0.625048995,0.619681656,0.790930748,0.804712594,0.599164844,0.219640031,0.708633542,0.696343958,0.67364049,0.597208738,0.115426905
375,813,528,660,573,450,536,450,600,641,600,851,555,453,570,198,585,161,663,30,675,213,686,300,648,225,495,168,476,285,543,270,0.542335033,0.618636549,0.523529649,0.488540173,0.568262994,0.621460557,0.625162482,0.811517358,0.829673171,0.597458422,0.272871673,0.711522639,0.72963351,0.676208556,0.593955576,0.097054921
375,813,528,660,573,461,536,450,600,641,596,855,555,453,573,195,588,165,660,26,675,221,675,303,648,225,495,168,476,285,540,281,0.537039697,0.624780297,0.523030639,0.484414637,0.559729517,0.622395456,0.622412443,0.783493876,0.797515869,0.607740581,0.234897003,0.587551355,0.695643544,0.673914731,0.608481348,0.111996375
375,813,528,660,573,465,536,450,600,641,596,855,555,453,573,195,588,165,660,18,645,296,686,345,656,225,495,168,476,285,540,288,0.543764353,0.62362045,0.537406027,0.47826457,0.571734607,0.62494576,0.608562171,0.743862987,0.754218817,0.619373262,0.15043886,0.578667819,0.65298897,0.675271213,0.632547379,0.142138392
375,813,528,660,573,465,528,450,600,641,600,851,555,453,573,195,588,165,660,26,645,296,686,345,656,225,495,168,476,285,540,288,0.549995601,0.620621264,0.534729481,0.480261773,0.55906707,0.623038352,0.596293509,0.743417025,0.758756459,0.624949872,0.162017852,0.609192431,0.668199837,0.672844946,0.631281793,0.140706867
371,810,528,660,581,465,528,450,600,641,600,851,555,461,573,195,588,165,660,18,648,300,678,345,656,225,495,168,476,285,540,288,0.562773645,0.614175558,0.536188126,0.490200162,0.564158678,0.623663604,0.600723922,0.710744858,0.744203925,0.627746403,0.190193385,0.620517313,0.685593188,0.675804496,0.628488719,0.150085896
371,810,528,660,581,465,528,450,600,633,596,855,555,461,573,195,588,165,660,26,645,303,678,345,656,225,495,168,476,285,540,288,0.574039817,0.615633786,0.528062701,0.488366872,0.566907227,0.621738374,0.602515519,0.707552791,0.741343975,0.634043217,0.202426881,0.644666731,0.689183056,0.684316337,0.614012122,0.144193202
371,810,528,660,581,465,528,450,600,633,596,855,555,461,573,195,588,165,660,26,648,300,678,345,660,228,495,168,476,285,536,285,0.575208604,0.616782129,0.531768441,0.492776304,0.568229973,0.621680558,0.608090222,0.677683115,0.721445799,0.632954597,0.196473882,0.654590964,0.681821346,0.688129365,0.608547151,0.151563227
371,810,528,660,573,465,528,450,600,633,600,851,555,461,581,195,596,165,660,26,648,300,678,345,660,228,495,168,476,285,540,288,0.581251025,0.615316927,0.538692117,0.489611655,0.565998733,0.621946037,0.613205314,0.641771197,0.746955574,0.632446647,0.189181834,0.662766516,0.670315564,0.688049555,0.609012008,0.150826275
371,810,528,660,573,465,536,450,600,633,600,851,555,461,573,195,596,165,660,26,648,285,678,345,660,228,495,168,476,285,540,281,0.589334071,0.615977764,0.562229395,0.484637827,0.560564578,0.624389052,0.618370295,0.67841053,0.734738886,0.630700707,0.142715231,0.578282952,0.660914004,0.690863431,0.597662807,0.12887302
371,810,528,660,573,465,536,450,600,633,600,851,555,461,573,195,596,165,660,26,648,296,675,348,660,228,495,168,476,285,540,281,0.591097176,0.608706295,0.548135817,0.482872158,0.568125725,0.625315189,0.603113651,0.653529286,0.747332215,0.634488344,0.159530684,0.658427298,0.651971996,0.689751923,0.595093906,0.130787224
371,810,528,660,573,465,536,450,600,633,600,851,555,461,573,195,596,165,660,26,656,285,678,345,660,228,495,168,476,285,540,281,0.587137997,0.603891194,0.552860975,0.4828026,0.571373045,0.625321567,0.608440697,0.648822665,0.746933222,0.635587513,0.153645769,0.643086374,0.652794898,0.684899926,0.593411684,0.128619105
371,810,528,660,573,465,536,450,600,633,600,851,555,461,570,198,596,165,660,26,675,243,678,345,660,228,495,168,480,281,540,281,0.591810763,0.599976122,0.560397506,0.4877716,0.572455049,0.622924507,0.607068598,0.667268038,0.736985266,0.637224078,0.176224217,0.569490433,0.649104774,0.683154583,0.586162925,0.117954768
371,810,536,660,573,465,536,450,600,633,600,851,555,461,570,198,596,165,660,26,675,243,678,345,660,228,495,168,480,281,543,285,0.595838666,0.60324043,0.553861618,0.486433119,0.57149452,0.619367182,0.597523093,0.669665337,0.732452393,0.642516792,0.185903192,0.580583692,0.653055966,0.684919715,0.583446622,0.112467475
371,810,536,660,573,465,536,450,600,633,600,851,555,461,570,198,596,165,660,26,663,281,675,348,660,228,495,168,476,285,540,281,0.579402924,0.600880563,0.546291411,0.480868012,0.565138876,0.623101532,0.598663867,0.653998017,0.735985219,0.645326555,0.146147951,0.602760017,0.655654788,0.684863985,0.598650515,0.119843118
371,810,536,660,573,465,536,450,600,633,600,851,555,461,570,198,596,165,660,26,675,251,678,345,660,228,495,168,476,285,540,281,0.571895182,0.599188507,0.549754441,0.48071304,0.564511657,0.62413758,0.600528777,0.660195649,0.730921388,0.642443419,0.159788594,0.588870108,0.654613793,0.682599306,0.599652827,0.117931835
375,813,528,660,573,465,536,450,600,633,600,851,555,461,570,198,588,165,660,26,656,285,675,348,660,228,495,168,476,285,540,288,0.573683679,0.605211318,0.553004622,0.477531344,0.563873947,0.625435889,0.60296911,0.651506186,0.722653329,0.642281294,0.149905786,0.629945993,0.638123095,0.678174078,0.59846884,0.123339079
371,810,528,660,573,465,536,450,600,641,600,851,555,461,570,198,588,165,660,26,656,285,675,348,660,228,495,168,476,285,540,296,0.586151302,0.606873631,0.550758243,0.477728128,0.558389902,0.624938786,0.598897338,0.658234239,0.729220986,0.644025326,0.150353029,0.636607051,0.632042289,0.680541098,0.601686001,0.126163304
371,810,528,660,573,465,528,450,600,633,600,851,555,461,570,198,588,165,660,26,675,251,675,348,660,228,495,168,476,285,543,285,0.580582976,0.607862055,0.54949981,0.477770239,0.566364646,0.624117792,0.603532732,0.673523903,0.744696796,0.63999182,0.17689307,0.578904569,0.631805837,0.678290308,0.583843291,0.118858688
371,810,528,660,573,465,528,450,600,633,600,851,555,461,570,198,588,165,660,26,675,251,675,348,660,228,495,168,476,285,543,285,0.585603476,0.604122996,0.540723145,0.48080489,0.570487201,0.621244431,0.60448575,0.66787976,0.743746758,0.635185719,0.166120172,0.588206887,0.630089998,0.676165402,0.587987542,0.11992339
371,810,528,660,573,465,528,450,600,633,600,851,555,461,570,198,588,165,660,26,675,251,675,348,660,228,495,168,476,285,540,296,0.594005287,0.613256454,0.535918593,0.481586903,0.578207791,0.609820306,0.599276364,0.683924496,0.751296878,0.642457426,0.159495234,0.54221195,0.6261729,0.691133678,0.613433659,0.127066165
371,810,528,660,573,465,528,450,600,633,600,851,555,461,573,195,588,165,660,26,675,258,675,348,660,228,495,168,476,285,540,296,0.606912911,0.617138684,0.535058916,0.477640331,0.584634483,0.60578984,0.596915126,0.687080443,0.754480362,0.641660094,0.146220461,0.562187612,0.629415452,0.700190306,0.61495012,0.131988376
371,810,528,660,573,465,528,450,600,633,600,851,555,461,573,195,588,165,660,26,663,285,675,348,660,228,495,168,476,285,540,296,0.607468307,0.618355453,0.528861463,0.483082026,0.580257177,0.606735587,0.599600673,0.666263819,0.742882371,0.634965837,0.150113687,0.606569052,0.629584849,0.698742628,0.617311299,0.140956342
371,810,528,660,573,465,528,450,600,633,596,855,555,461,573,195,588,165,660,26,656,285,675,348,660,236,495,168,476,285,540,296,0.60789746,0.61673063,0.531268716,0.478466809,0.581946313,0.603134036,0.603256166,0.658147812,0.741679192,0.631380796,0.148160368,0.622614503,0.617064655,0.697417438,0.616509795,0.145127118
371,810,528,660,573,465,528,450,600,633,596,855,555,461,573,195,588,165,660,26,645,296,675,348,660,228,495,168,476,285,540,296,0.601831853,0.618796408,0.517105103,0.484212667,0.577701032,0.604354858,0.597221255,0.669224858,0.755872428,0.626590669,0.155530825,0.654556215,0.615950763,0.694628,0.616170764,0.167360902
371,810,528,660,573,465,528,450,600,633,596,855,555,453,573,195,588,165,660,18,645,296,675,348,660,228,495,168,476,285,540,296,0.607227445,0.619332254,0.510650814,0.488980025,0.576605141,0.605886519,0.599887609,0.671989083,0.757736206,0.624017477,0.165290788,0.664060533,0.61446923,0.690844536,0.614937127,0.175102323
371,810,528,660,573,465,528,450,600,633,600,851,555,453,573,195,588,165,660,26,648,285,675,348,660,228,495,168,476,285,540,288,0.611848295,0.622265637,0.522172689,0.481369078,0.562297523,0.615320385,0.594145238,0.681210458,0.764047384,0.626882911,0.139703631,0.579915285,0.630698979,0.688420594,0.621107399,0.171657473
371,810,528,660,573,465,528,450,600,633,600,851,555,453,573,195,588,165,660,26,648,281,675,348,660,228,495,168,476,285,540,288,0.615558445,0.621791422,0.517735004,0.470843524,0.566124797,0.614298046,0.604550302,0.689887762,0.767960191,0.632799685,0.139392376,0.559221983,0.631993711,0.687629282,0.620770037,0.170483887
371,810,528,660,573,465,528,450,600,633,600,851,555,453,573,195,588,165,660,26,648,285,675,348,660,228,495,168,476,285,540,288,0.620744884,0.620959818,0.514216721,0.469709843,0.567753494,0.617758155,0.594975054,0.68878454,0.761695862,0.640841067,0.144969702,0.626082838,0.641100049,0.692330003,0.62691927,0.190098792
371,810,528,660,573,465,528,450,600,633,600,851,555,453,573,195,588,165,660,26,645,288,675,348,660,228,495,168,476,285,540,296,0.617908776,0.620882869,0.515409589,0.471117347,0.567904651,0.617772341,0.596761167,0.69564414,0.76839602,0.632816195,0.148560047,0.653308511,0.63438201,0.69414866,0.622314692,0.178742319
371,810,528,660,573,465,528,450,600,633,596,855,555,453,573,195,588,165,660,26,645,296,675,348,660,228,495,168,476,285,540,296,0.615212619,0.62530309,0.514577866,0.46975407,0.566612959,0.618766904,0.591323137,0.695954204,0.768265724,0.635712445,0.153321028,0.660427868,0.634257555,0.694534123,0.624140978,0.185484678
371,810,528,660,573,465,536,450,600,633,596,855,555,461,573,195,588,165,660,26,645,296,675,348,660,228,495,168,476,285,540,296,0.615057528,0.627115667,0.520378172,0.469198674,0.561469257,0.618174255,0.591780663,0.692012191,0.767547727,0.629796565,0.151125371,0.656948864,0.629811168,0.694834888,0.623080015,0.183695376
371,810,528,660,573,465,528,450,600,633,596,855,555,453,573,195,588,165,660,26,645,296,675,348,660,228,495,168,476,285,540,296,0.615121722,0.6257177,0.511905789,0.467766553,0.55759728,0.618769228,0.592161953,0.684792519,0.76324302,0.627131641,0.150492832,0.654287755,0.630475461,0.694468141,0.623179078,0.186772078
371,810,528,660,573,465,536,450,600,633,596,855,555,453,573,195,588,165,660,26,648,300,675,348,660,228,495,168,476,285,540,296,0.614968002,0.62358135,0.518076301,0.471585333,0.562446535,0.618881762,0.594873846,0.704269767,0.777888119,0.625488639,0.169878989,0.665864646,0.615301847,0.695348561,0.622492731,0.186602265
371,810,528,660,573,465,536,450,600,633,600,851,555,453,573,195,588,165,660,26,648,300,675,348,660,228,495,168,476,285,543,300,0.617361128,0.618549764,0.521154761,0.476530373,0.571596086,0.619596541,0.59983629,0.716603875,0.782178044,0.626014948,0.173470676,0.676451564,0.611315131,0.696925223,0.627432883,0.188769549
371,810,528,660,573,465,536,450,600,633,600,851,555,453,573,195,588,165,660,26,648,300,675,348,660,228,495,168,476,285,540,296,0.617144704,0.618592978,0.53518337,0.483230203,0.578798711,0.621710181,0.596581936,0.723454595,0.788265824,0.631675005,0.169702277,0.669923902,0.607143521,0.697749197,0.623497903,0.18445313
371,810,528,660,573,465,536,450,600,633,600,851,555,461,573,195,588,165,660,18,648,300,675,348,660,228,495,168,476,285,543,300,0.61909157,0.6168859,0.531904817,0.481112361,0.574970782,0.622041404,0.594002664,0.716342032,0.776090384,0.631077945,0.172461182,0.670147121,0.608865857,0.696453989,0.627839446,0.186724007
371,810,528,660,573,465,536,450,600,633,600,851,555,453,573,195,588,165,660,18,648,300,675,348,660,228,495,168,476,285,543,300,0.621065438,0.616778612,0.534250855,0.481270999,0.573964834,0.619423568,0.595964551,0.71470511,0.774546623,0.631835461,0.173745945,0.67132467,0.608712971,0.696297228,0.628145635,0.18511197
